,Id,Position,First Name,Nickname,Last Name,FPPG,Played,Salary,Game,Team,Opponent,Injury Indicator,Injury Details,Tier,Unnamed: 14,Unnamed: 15
0,31067-40199,SF,Giannis,Giannis Antetokounmpo,Antetokounmpo,54.4639990234375,25,12000,MIL@CLE,MIL,CLE,,,,,
1,31067-9642,PG,Russell,Russell Westbrook,Westbrook,51.900000678168404,18,11000,OKC@DEN,OKC,DEN,,,,,
2,31067-49111,C,Joel,Joel Embiid,Embiid,52.08571515764509,28,11000,IND@PHI,PHI,IND,,,,,
3,31067-14513,SF,Kawhi,Kawhi Leonard,Leonard,46.15454656427557,22,10100,TOR@POR,TOR,POR,GTD,Hip,,,
4,31067-55062,C,Nikola,Nikola Jokic,Jokic,43.71481662326389,27,10100,OKC@DEN,DEN,OKC,,,,,
5,31067-9646,SF,Kevin,Kevin Durant,Durant,49.76206812365302,29,10000,GS@SAC,GS,SAC,,,,,
6,31067-12341,SF,Paul,Paul George,George,46.526921198918274,26,9600,OKC@DEN,OKC,DEN,,,,,
7,31067-66115,PG,Ben,Ben Simmons,Simmons,41.69285801478794,28,9500,IND@PHI,PHI,IND,,,,,
8,31067-14507,PG,Kemba,Kemba Walker,Walker,43.681482385706026,27,9500,NY@CHA,CHA,NY,,,,,
9,31067-12332,PG,John,John Wall,Wall,42.349999060997604,26,9400,WAS@BKN,WAS,BKN,,,,,
10,31067-9524,PG,Stephen,Stephen Curry,Curry,44.677778455946175,18,9400,GS@SAC,GS,SAC,,,,,
11,31067-20848,PG,Damian,Damian Lillard,Lillard,43.54643031529018,28,8900,TOR@POR,POR,TOR,,,,,
12,31067-14498,PG,Kyrie,Kyrie Irving,Irving,41.167998046875,25,8700,ATL@BOS,BOS,ATL,,,,,
13,31067-15684,SG,Victor,Victor Oladipo,Oladipo,39.805883071001844,17,8600,IND@PHI,IND,PHI,,,,,
14,31067-15595,SG,Bradley,Bradley Beal,Beal,38.403573172433035,28,8500,WAS@BKN,WAS,BKN,,,,,
15,31067-66236,PF,John,John Collins,Collins,32.46666717529297,12,8100,ATL@BOS,ATL,BOS,,,,,
16,31067-55057,C,Jusuf,Jusuf Nurkic,Nurkic,35.44642857142857,28,8100,TOR@POR,POR,TOR,,,,,
17,31067-9575,PG,Mike,Mike Conley,Conley,37.144445348668974,27,8100,MIA@MEM,MEM,MIA,GTD,Hamstring,,,
18,31067-9581,C,Marc,Marc Gasol,Gasol,39.840738932291664,27,8100,MIA@MEM,MEM,MIA,,,,,
19,31067-14528,SG,Jimmy,Jimmy Butler,Butler,39.01304294752038,23,8000,IND@PHI,PHI,IND,GTD,Groin,,,
20,31067-9535,PG,Kyle,Kyle Lowry,Lowry,37.210343985721984,29,8000,TOR@POR,TOR,POR,GTD,Back,,,
21,31067-66108,PG,Jamal,Jamal Murray,Murray,31.659258807146987,27,7800,OKC@DEN,DEN,OKC,GTD,Lower leg,,,
22,31067-12363,C,Hassan,Hassan Whiteside,Whiteside,40.100000554865055,22,7800,MIA@MEM,MIA,MEM,,,,,
23,31067-14501,C,Tristan,Tristan Thompson,Thompson,31.2703699182581,27,7800,MIL@CLE,CLE,MIL,O,Foot,,,
24,31067-12355,PG,Eric,Eric Bledsoe,Bledsoe,33.762962058738424,27,7700,MIL@CLE,MIL,CLE,,,,,
25,31067-80810,PG,De'Aaron,De'Aaron Fox,Fox,36.37777822989005,27,7600,GS@SAC,SAC,GS,,,,,
26,31067-58253,C,Myles,Myles Turner,Turner,30.9333337854456,27,7500,IND@PHI,IND,PHI,,,,,
27,31067-19067,SG,CJ,C.J. McCollum,McCollum,32.05555555555556,27,7100,TOR@POR,POR,TOR,,,,,
28,31067-20992,PF,Larry,Larry Nance,Nance Jr.,24.688462477463947,26,7000,MIL@CLE,CLE,MIL,,,,,
29,31067-14516,C,Enes,Enes Kanter,Kanter,32.53793019261853,29,7000,NY@CHA,NY,CHA,,,,,
30,31067-23823,C,Willie,Willie Cauley-Stein,Cauley-Stein,31.614813910590282,27,7000,GS@SAC,SAC,GS,,,,,
31,31067-58312,SG,D'Angelo,D'Angelo Russell,Russell,33.03793019261853,29,7000,WAS@BKN,BKN,WAS,,,,,
32,31067-15846,SG,Tim,Tim Hardaway Jr.,Hardaway Jr.,31.017857142857146,28,6900,NY@CHA,NY,CHA,,,,,
33,31067-23169,C,Steven,Steven Adams,Adams,35.58,25,6800,OKC@DEN,OKC,DEN,,,,,
34,31067-14509,SG,Klay,Klay Thompson,Thompson,33.12758662782866,29,6800,GS@SAC,GS,SAC,,,,,
35,31067-9957,PF,Serge,Serge Ibaka,Ibaka,31.882757778825432,29,6800,TOR@POR,TOR,POR,,,,,
36,31067-15628,SF,Otto,Otto Porter,Porter Jr.,26.80800048828125,25,6800,WAS@BKN,WAS,BKN,GTD,Knee,,,
37,31067-15860,PF,Draymond,Draymond Green,Green,31.173333740234376,15,6800,GS@SAC,GS,SAC,,,,,
38,31067-84683,PF,Jaren,Jaren Jackson Jr.,Jackson Jr.,27.22592502170139,27,6700,MIA@MEM,MEM,MIA,,,,,
39,31067-16261,SG,Khris,Khris Middleton,Middleton,31.742307222806488,26,6700,MIL@CLE,MIL,CLE,,,,,
40,31067-80808,PF,Jayson,Jayson Tatum,Tatum,29.99629720052083,27,6700,ATL@BOS,BOS,ATL,,,,,
41,31067-15542,PG,Spencer,Spencer Dinwiddie,Dinwiddie,27.996552566002155,29,6600,WAS@BKN,BKN,WAS,,,,,
42,31067-84671,PG,Trae,Trae Young,Young,29.18888798466435,27,6600,ATL@BOS,ATL,BOS,,,,,
43,31067-9453,C,Al,Al Horford,Horford,31.09090909090909,22,6600,ATL@BOS,BOS,ATL,O,Kneecap,,,
44,31067-19781,SG,Kent,Kent Bazemore,Bazemore,27.17036946614583,27,6600,ATL@BOS,ATL,BOS,,,,,
45,31067-17333,SF,Will,Will Barton,Barton,30.0,2,6600,OKC@DEN,DEN,OKC,O,Groin,,,
46,31067-60021,PF,Pascal,Pascal Siakam,Siakam,29.99666748046875,30,6500,TOR@POR,TOR,POR,,,,,
47,31067-14512,PF,Marcus,Marcus Morris,Morris,25.288461538461537,26,6500,ATL@BOS,BOS,ATL,,,,,
48,31067-15559,SG,Jeremy,Jeremy Lamb,Lamb,28.02962917751736,27,6500,NY@CHA,CHA,NY,,,,,
49,31067-16233,SF,Josh,Josh Richardson,Richardson,31.403846153846153,26,6400,MIA@MEM,MIA,MEM,,,,,
50,31067-9729,PF,Paul,Paul Millsap,Millsap,30.69199951171875,25,6300,OKC@DEN,DEN,OKC,O,Toe,,,
51,31067-84679,PF,Marvin,Marvin Bagley III,Bagley III,24.9039990234375,25,6300,GS@SAC,SAC,GS,,,,,
52,31067-55060,SG,Bogdan,Bogdan Bogdanovic,Bogdanovic,26.75,16,6300,GS@SAC,SAC,GS,,,,,
53,31067-59358,PF,Domantas,Domantas Sabonis,Sabonis,31.115384615384613,26,6300,IND@PHI,IND,PHI,,,,,
54,31067-9666,PF,Thaddeus,Thaddeus Young,Young,24.75,28,6200,IND@PHI,IND,PHI,,,,,
55,31067-12366,SF,Gordon,Gordon Hayward,Hayward,25.60434888756793,23,6100,ATL@BOS,BOS,ATL,,,,,
56,31067-23665,SG,Buddy,Buddy Hield,Hield,29.359259711371532,27,6100,GS@SAC,SAC,GS,,,,,
57,31067-40201,SG,Dennis,Dennis Schroder,Schroder,30.707693246694713,26,6100,OKC@DEN,OKC,DEN,,,,,
58,31067-9660,C,Dwight,Dwight Howard,Howard,26.400000678168407,9,6100,WAS@BKN,WAS,BKN,O,Lower body,,,
59,31067-24544,SF,Gary,Gary Harris,Harris,28.409522646949405,21,6100,OKC@DEN,DEN,OKC,O,Hip,,,
60,31067-80817,PF,Bam,Bam Adebayo,Adebayo,23.06296341507523,27,6000,MIA@MEM,MIA,MEM,,,,,
61,31067-80821,C,Jarrett,Jarrett Allen,Allen,29.05185275607639,27,5900,WAS@BKN,BKN,WAS,,,,,
62,31067-42148,PF,Rondae,Rondae Hollis-Jefferson,Hollis-Jefferson,21.8,25,5700,WAS@BKN,BKN,WAS,,,,,
63,31067-70822,SF,Juancho,Juan Hernangomez,Hernangomez,20.388460599459133,26,5700,OKC@DEN,DEN,OKC,,,,,
64,31067-14511,PF,Markieff,Markieff Morris,Morris,23.703703703703702,27,5600,WAS@BKN,WAS,BKN,,,,,
65,31067-84674,PF,Kevin,Kevin Knox,Knox,17.33636335893111,22,5600,NY@CHA,NY,CHA,,,,,
66,31067-58084,SF,Justise,Justise Winslow,Winslow,24.57391357421875,23,5600,MIA@MEM,MIA,MEM,GTD,Calf,,,
67,31067-15590,C,Mason,Mason Plumlee,Plumlee,21.422223126446763,27,5600,OKC@DEN,DEN,OKC,,,,,
68,31067-9655,SG,JJ,JJ Redick,Redick,25.110345248518318,29,5600,IND@PHI,PHI,IND,,,,,
69,31067-9673,PG,Goran,Goran Dragic,Dragic,26.757143293108264,14,5600,MIA@MEM,MIA,MEM,O,Knee,,,
70,31067-22541,PF,Kelly,Kelly Olynyk,Olynyk,20.007692777193512,26,5500,MIA@MEM,MIA,MEM,,,,,
71,31067-23572,SF,Taurean,Taurean Prince,Prince,25.076189313616077,21,5500,ATL@BOS,ATL,BOS,O,Ankle,,,
72,31067-15405,PF,JaMychal,JaMychal Green,Green,24.55333251953125,15,5500,MIA@MEM,MEM,MIA,,,,,
73,31067-63124,PG,Emmanuel,Emmanuel Mudiay,Mudiay,22.1454551003196,22,5500,NY@CHA,NY,CHA,,,,,
74,31067-58153,SF,Kelly,Kelly Oubre,Oubre Jr.,23.27142769949777,28,5500,WAS@BKN,WAS,BKN,,,,,
75,31067-9624,PG,Darren,Darren Collison,Collison,24.5500008719308,28,5500,IND@PHI,IND,PHI,,,,,
76,31067-67026,SG,Jaylen,Jaylen Brown,Brown,21.800000277432527,22,5500,ATL@BOS,BOS,ATL,,,,,
77,31067-23716,SF,Kyle,Kyle Anderson,Anderson,23.83333333333333,27,5400,MIA@MEM,MEM,MIA,,,,,
78,31067-84667,PG,Collin,Collin Sexton,Sexton,22.603572300502233,28,5400,MIL@CLE,CLE,MIL,,,,,
79,31067-15691,C,Cody,Cody Zeller,Zeller,22.48076923076923,26,5400,NY@CHA,CHA,NY,,,,,
80,31067-9621,C,Brook,Brook Lopez,Lopez,24.44814724392361,27,5400,MIL@CLE,MIL,CLE,,,,,
81,31067-16359,SG,Malcolm,Malcolm Brogdon,Brogdon,26.177777325665513,27,5400,MIL@CLE,MIL,CLE,,,,,
82,31067-23670,SG,Marcus,Marcus Smart,Smart,21.096295392071763,27,5300,ATL@BOS,BOS,ATL,,,,,
83,31067-40396,SG,Monte,Monte Morris,Morris,21.05185275607639,27,5300,OKC@DEN,DEN,OKC,,,,,
84,31067-58461,PF,Trey,Trey Lyles,Lyles,19.255556459780088,27,5200,OKC@DEN,DEN,OKC,,,,,
85,31067-42661,PF,Noah,Noah Vonleh,Vonleh,24.403448696794186,29,5200,NY@CHA,NY,CHA,,,,,
86,31067-23831,PF,Jerami,Jerami Grant,Grant,23.71923123873197,26,5200,OKC@DEN,OKC,DEN,,,,,
87,31067-12342,PF,Al-Farouq,Al-Farouq Aminu,Aminu,23.63571384974889,28,5100,TOR@POR,POR,TOR,,,,,
88,31067-14503,C,Jonas,Jonas Valanciunas,Valanciunas,25.19000040690104,30,5100,TOR@POR,TOR,POR,O,Thumb,,,
89,31067-14510,SG,Alec,Alec Burks,Burks,16.6,25,5100,MIL@CLE,CLE,MIL,,,,,
90,31067-14559,PG,Isaiah,Isaiah Thomas,Thomas,23.59062576293945,32,5100,OKC@DEN,DEN,OKC,O,Hip,,,
91,31067-16301,C,Dewayne,Dewayne Dedmon,Dedmon,22.871427990141374,21,5100,ATL@BOS,ATL,BOS,,,,,
92,31067-20640,SG,Jordan,Jordan Clarkson,Clarkson,24.17142813546317,28,5000,MIL@CLE,CLE,MIL,,,,,
93,31067-49336,SF,DeAndre',DeAndre Bembry,Bembry,21.98518428096065,27,5000,ATL@BOS,ATL,BOS,,,,,
94,31067-12368,SF,Nemanja,Nemanja Bjelica,Bjelica,24.4592601634838,27,4900,GS@SAC,SAC,GS,,,,,
95,31067-15501,SG,Allen,Allen Crabbe,Crabbe,16.764285496303014,28,4900,WAS@BKN,BKN,WAS,GTD,Knee,,,
96,31067-63126,SF,Cedi,Cedi Osman,Osman,22.188462477463947,26,4900,MIL@CLE,CLE,MIL,,,,,
97,31067-70826,SG,Furkan,Furkan Korkmaz,Korkmaz,12.10952395484561,21,4900,IND@PHI,PHI,IND,,,,,
98,31067-9451,PF,Marvin,Marvin Williams,Williams,20.77307598407452,26,4900,NY@CHA,CHA,NY,,,,,
99,31067-16220,SG,Dion,Dion Waiters,Waiters,23.89666748046875,30,4900,MIA@MEM,MIA,MEM,O,Ankle,,,
100,31067-15904,SF,Rodney,Rodney Hood,Hood,20.41481526692708,27,4800,MIL@CLE,CLE,MIL,,,,,
101,31067-9809,SF,Nicolas,Nicolas Batum,Batum,22.83333333333333,27,4800,NY@CHA,CHA,NY,,,,,
102,31067-14530,SF,Bojan,Bojan Bogdanovic,Bogdanovic,23.8249991280692,28,4800,IND@PHI,IND,PHI,,,,,
103,31067-9648,SF,Jeff,Jeff Green,Green,20.319230299729572,26,4800,WAS@BKN,WAS,BKN,,,,,
104,31067-12359,SF,Evan,Evan Turner,Turner,21.618518970630788,27,4700,TOR@POR,POR,TOR,,,,,
105,31067-24247,PG,Fred,Fred VanVleet,VanVleet,20.565385084885822,26,4700,TOR@POR,TOR,POR,,,,,
106,31067-9585,SG,Dwyane,Dwyane Wade,Wade,25.525,20,4700,MIA@MEM,MIA,MEM,GTD,Illness,,,
107,31067-84704,SG,Kevin,Kevin Huerter,Huerter,15.792307927058294,26,4600,ATL@BOS,ATL,BOS,,,,,
108,31067-9956,SG,Wayne,Wayne Ellington,Ellington,18.45294189453125,17,4600,MIA@MEM,MIA,MEM,,,,,
109,31067-15744,SG,Rodney,Rodney McGruder,McGruder,22.777777777777782,27,4600,MIA@MEM,MIA,MEM,,,,,
110,31067-66968,SF,Derrick,Derrick Jones Jr.,Jones Jr.,14.247058644014244,17,4600,MIA@MEM,MIA,MEM,,,,,
111,31067-9758,SG,Danny,Danny Green,Green,20.576666259765624,30,4500,TOR@POR,TOR,POR,,,,,
112,31067-12443,PG,Jeremy,Jeremy Lin,Lin,19.33912990404212,23,4500,ATL@BOS,ATL,BOS,,,,,
113,31067-58576,C,Kevon,Kevon Looney,Looney,18.055171571928877,29,4500,GS@SAC,GS,SAC,,,,,
114,31067-9702,PG,Tony,Tony Parker,Parker,19.77083333333333,24,4500,NY@CHA,CHA,NY,,,,,
115,31067-16363,SF,Joe,Joe Harris,Harris,21.242307222806488,26,4500,WAS@BKN,BKN,WAS,,,,,
116,31067-66064,SG,Malik,Malik Beasley,Beasley,13.392592818648724,27,4400,OKC@DEN,DEN,OKC,,,,,
117,31067-14529,PG,Cory,Cory Joseph,Joseph,20.917857578822545,28,4400,IND@PHI,IND,PHI,,,,,
118,31067-18393,PG,T.J.,T.J. McConnell,McConnell,14.400000530740488,23,4400,IND@PHI,PHI,IND,,,,,
119,31067-9692,SF,Tyreke,Tyreke Evans,Evans,20.822222674334487,27,4400,IND@PHI,IND,PHI,,,,,
120,31067-23097,PG,Tomas,Tomas Satoransky,Satoransky,14.182143075125554,28,4300,WAS@BKN,WAS,BKN,,,,,
121,31067-81529,PF,Daniel,Daniel Theis,Theis,13.270588594324447,17,4300,ATL@BOS,BOS,ATL,,,,,
122,31067-42677,PG,Terry,Terry Rozier,Rozier,19.885186089409718,27,4200,ATL@BOS,BOS,ATL,,,,,
123,31067-9636,SF,Wilson,Wilson Chandler,Chandler,15.741176829618569,17,4200,IND@PHI,PHI,IND,,,,,
124,31067-18600,PG,Tyler,Tyler Johnson,Johnson,20.13999938964844,20,4100,MIA@MEM,MIA,MEM,GTD,Hip,,,
125,31067-15560,PG,Shabazz,Shabazz Napier,Napier,14.404545177112926,22,4100,WAS@BKN,BKN,WAS,,,,,
126,31067-84682,PF,Michael,Michael Porter Jr.,Porter Jr.,0.0,0,4100,OKC@DEN,DEN,OKC,O,Back,,,
127,31067-9966,PF,James,James Johnson,Johnson,15.925000508626304,12,4100,MIA@MEM,MIA,MEM,,,,,
128,31067-16178,SF,Maurice,Maurice Harkless,Harkless,14.059999593098958,15,4100,TOR@POR,POR,TOR,,,,,
129,31067-17894,C,Mike,Mike Muscala,Muscala,18.318181818181817,22,4100,IND@PHI,PHI,IND,GTD,Illness,,,
130,31067-23676,SG,Damyean,Damyean Dotson,Dotson,20.08695652173913,23,4000,NY@CHA,NY,CHA,O,Shoulder,,,
131,31067-14515,SG,Iman,Iman Shumpert,Shumpert,19.61739183508832,23,4000,GS@SAC,SAC,GS,,,,,
132,31067-84678,SF,Miles,Miles Bridges,Bridges,17.399999765249394,26,4000,NY@CHA,CHA,NY,,,,,
133,31067-9664,SG,Andre,Andre Iguodala,Iguodala,16.52800048828125,25,4000,GS@SAC,GS,SAC,GTD,Hip,,,
134,31067-15843,PG,Trey,Trey Burke,Burke,20.13333275204613,21,4000,NY@CHA,NY,CHA,O,Knee,,,
135,31067-37931,C,Aron,Aron Baynes,Baynes,13.936363913796164,22,3900,ATL@BOS,BOS,ATL,,,,,
136,31067-41082,C,Damian,Damian Jones,Jones,14.875,24,3900,GS@SAC,GS,SAC,O,Pectoral,,,
137,31067-67312,C,Thomas,Thomas Bryant,Bryant,13.438888549804688,18,3900,WAS@BKN,WAS,BKN,,,,,
138,31067-15758,SF,Michael,Michael Kidd-Gilchrist,Kidd-Gilchrist,20.88999938964844,20,3900,NY@CHA,CHA,NY,GTD,Personal,,,
139,31067-80813,PG,Frank,Frank Ntilikina,Ntilikina,14.869231003981369,26,3900,NY@CHA,NY,CHA,,,,,
140,31067-9787,SF,DeMarre,DeMarre Carroll,Carroll,16.072221544053818,18,3800,WAS@BKN,BKN,WAS,,,,,
141,31067-20064,PG,Matthew,Matthew Dellavedova,Dellavedova,8.085714067731585,14,3800,MIL@CLE,CLE,MIL,,,,,
142,31067-17542,PF,Alan,Alan Williams,Williams,13.880000305175779,5,3800,WAS@BKN,BKN,WAS,,,,,
143,31067-23772,PG,Yogi,Yogi Ferrell,Ferrell,9.58235258214614,17,3800,GS@SAC,SAC,GS,,,,,
144,31067-9962,PF,Jonas,Jonas Jerebko,Jerebko,17.879310344827584,29,3800,GS@SAC,GS,SAC,,,,,
145,31067-20277,SG,Torrey,Torrey Craig,Craig,11.099999861283736,22,3800,OKC@DEN,DEN,OKC,,,,,
146,31067-40769,C,Jordan,Jordan Bell,Bell,11.707142421177455,28,3800,GS@SAC,GS,SAC,,,,,
147,31067-11074,SG,Garrett,Garrett Temple,Temple,18.907407407407412,27,3800,MIA@MEM,MEM,MIA,,,,,
148,31067-12365,PF,Ed,Ed Davis,Davis,18.193102606411642,29,3700,WAS@BKN,BKN,WAS,,,,,
149,31067-14524,SG,MarShon,MarShon Brooks,Brooks,11.4375,24,3700,MIA@MEM,MEM,MIA,,,,,
150,31067-58574,PF,Jonah,Jonah Bolden,Bolden,4.685714176722935,7,3700,IND@PHI,PHI,IND,,,,,
151,31067-15592,SG,Austin,Austin Rivers,Rivers,14.5750002179827,28,3700,WAS@BKN,WAS,BKN,,,,,
152,31067-23282,SF,Sam,Sam Dekker,Dekker,13.527273004705256,11,3700,WAS@BKN,WAS,BKN,,,,,
153,31067-23810,SF,Jaron,Jaron Blossomgame,Blossomgame,11.2,5,3700,MIL@CLE,CLE,MIL,,,,,
154,31067-23825,C,Nerlens,Nerlens Noel,Noel,19.13599975585937,25,3700,OKC@DEN,OKC,DEN,,,,,
155,31067-60233,SG,Dillon,Dillon Brooks,Brooks,13.145455100319602,11,3700,MIA@MEM,MEM,MIA,O,Knee,,,
156,31067-9598,PF,Ersan,Ersan Ilyasova,Ilyasova,17.32173886506454,23,3700,MIL@CLE,MIL,CLE,,,,,
157,31067-49115,SG,Wayne,Wayne Selden,Selden,11.01818154074929,22,3700,MIA@MEM,MEM,MIA,,,,,
158,31067-16448,PF,Frank,Frank Kaminsky,Kaminsky,11.78125,16,3600,NY@CHA,CHA,NY,,,,,
159,31067-15993,SG,Pat,Pat Connaughton,Connaughton,16.55454600941051,22,3600,MIL@CLE,MIL,CLE,,,,,
160,31067-42662,SF,Troy,Troy Williams,Williams,12.913333129882812,15,3600,GS@SAC,SAC,GS,,,,,
161,31067-42158,SG,Jabari,Jabari Bird,Bird,5.984615619365987,13,3600,ATL@BOS,BOS,ATL,O,Not injury related,,,
162,31067-14533,PG,Shelvin,Shelvin Mack,Mack,18.248148600260414,27,3600,MIA@MEM,MEM,MIA,,,,,
163,31067-84700,PF,Rodions,Rodions Kurucs,Kurucs,11.625,12,3600,WAS@BKN,BKN,WAS,,,,,
164,31067-84709,C,Mitchell,Mitchell Robinson,Robinson,17.63333355938947,27,3600,NY@CHA,NY,CHA,,,,,
165,31067-84708,C,Robert,Robert Williams III,Williams III,8.827272588556463,11,3600,ATL@BOS,BOS,ATL,,,,,
166,31067-42733,SG,David,David Nwaba,Nwaba,13.353333536783856,15,3600,MIL@CLE,CLE,MIL,,,,,
167,31067-84719,SG,Aaron,Aaron Holiday,Holiday,12.747058644014244,17,3600,IND@PHI,IND,PHI,,,,,
168,31067-40262,SG,Sterling,Sterling Brown,Brown,9.147368581671463,19,3600,MIL@CLE,MIL,CLE,,,,,
169,31067-84827,SG,Allonzo,Allonzo Trier,Trier,18.214814362702548,27,3600,NY@CHA,NY,CHA,O,Hamstring,,,
170,31067-9615,SG,Courtney,Courtney Lee,Lee,9.949999809265137,4,3600,NY@CHA,NY,CHA,,,,,
171,31067-80819,PF,Harry,Harry Giles III,Giles III,11.45999984741211,20,3600,GS@SAC,SAC,GS,,,,,
172,31067-9654,SF,Vince,Vince Carter,Carter,13.699999491373696,24,3600,ATL@BOS,ATL,BOS,,,,,
173,31067-9731,C,Kosta,Kosta Koufos,Koufos,14.153846153846152,13,3500,GS@SAC,SAC,GS,,,,,
174,31067-18435,SF,Alfonzo,Alfonzo McKinnie,McKinnie,12.71500015258789,20,3500,GS@SAC,GS,SAC,,,,,
175,31067-9737,SG,Nick,Nick Young,Young,11.0375,80,3500,OKC@DEN,DEN,OKC,,,,,
176,31067-66061,SF,Dwayne,Dwayne Bacon,Bacon,9.046666463216146,15,3500,NY@CHA,CHA,NY,,,,,
177,31067-85521,SF,Theo,Theo Pinson,Pinson,3.066666603088379,3,3500,WAS@BKN,BKN,WAS,,,,,
178,31067-85523,PG,Jordan,Jordan Loyd,Loyd,6.166666666666668,3,3500,TOR@POR,TOR,POR,,,,,
179,31067-85522,SG,DeVaughn,DeVaughn Akoon-Purcell,Akoon-Purcell,4.299999872843425,6,3500,OKC@DEN,DEN,OKC,,,,,
180,31067-12337,C,Greg,Greg Monroe,Monroe,8.823076688326323,13,3500,TOR@POR,TOR,POR,,,,,
181,31067-12340,PF,Patrick,Patrick Patterson,Patterson,9.803845919095552,26,3500,OKC@DEN,OKC,DEN,,,,,
182,31067-66109,PF,Skal,Skal Labissiere,Labissiere,5.114285605294364,7,3500,GS@SAC,SAC,GS,,,,,
183,31067-12362,C,DeMarcus,DeMarcus Cousins,Cousins,53.33541870117188,48,3500,GS@SAC,GS,SAC,O,Achilles,,,
184,31067-15952,PF,John,John Henson,Henson,16.22857121058873,14,3500,MIL@CLE,CLE,MIL,O,Wrist,,,
185,31067-85587,C,Tyler,Tyler Davis,Davis,1.2000000476837158,1,3500,OKC@DEN,OKC,DEN,,,,,
186,31067-85586,PF,Marcus,Marcus Derrickson,Derrickson,1.350000023841858,4,3500,GS@SAC,GS,SAC,,,,,
187,31067-58457,SF,Devin,Devin Robinson,Robinson,13.850000381469727,2,3500,WAS@BKN,WAS,BKN,,,,,
188,31067-15964,PG,Lorenzo,Lorenzo Brown,Brown,6.155555725097656,18,3500,TOR@POR,TOR,POR,,,,,
189,31067-68203,PF,Chris,Chris Boucher,Boucher,10.133333206176758,3,3500,TOR@POR,TOR,POR,,,,,
190,31067-17517,SG,Tony,Tony Snell,Snell,10.592592592592592,27,3500,MIL@CLE,MIL,CLE,,,,,
191,31067-85106,SG,Deonte,Deonte Burton,Burton,6.179999796549478,15,3500,OKC@DEN,OKC,DEN,,,,,
192,31067-58490,PG,Wade,Wade Baldwin IV,Baldwin IV,3.2888889312744136,9,3500,TOR@POR,POR,TOR,,,,,
193,31067-41083,PF,Luke,Luke Kornet,Kornet,1.614285741533552,7,3500,NY@CHA,NY,CHA,,,,,
194,31067-9862,PF,Amir,Amir Johnson,Johnson,9.662962736906831,27,3500,IND@PHI,PHI,IND,,,,,
195,31067-66185,PF,Caleb,Caleb Swanigan,Swanigan,6.991666793823242,12,3500,TOR@POR,POR,TOR,,,,,
196,31067-85137,SG,Duncan,Duncan Robinson,Robinson,3.75,4,3500,MIA@MEM,MIA,MEM,,,,,
197,31067-9874,PF,Kevin,Kevin Love,Love,39.45000076293945,4,3500,MIL@CLE,CLE,MIL,O,Toe,,,
198,31067-63123,SF,Mario,Mario Hezonja,Hezonja,14.233332881221065,27,3500,NY@CHA,NY,CHA,,,,,
199,31067-66196,SG,PJ,PJ Dozier,Dozier,5.9000000953674325,2,3500,ATL@BOS,BOS,ATL,,,,,
200,31067-63127,C,Willy,Willy Hernangomez,Hernangomez,15.30500030517578,20,3500,NY@CHA,CHA,NY,,,,,
201,31067-66203,SG,Malachi,Malachi Richardson,Richardson,2.157142911638533,14,3500,TOR@POR,TOR,POR,,,,,
202,31067-66205,SF,Tyler,Tyler Lydon,Lydon,2.4749999046325684,8,3500,OKC@DEN,DEN,OKC,,,,,
203,31067-70820,C,Thon,Thon Maker,Maker,11.594737002724097,19,3500,MIL@CLE,MIL,CLE,,,,,
204,31067-70823,PF,Guerschon,Guerschon Yabusele,Yabusele,4.7999997820173,14,3500,ATL@BOS,BOS,ATL,O,Ankle,,,
205,31067-70825,SG,Timothe,Timothe Luwawu-Cabarrot,Luwawu-Cabarrot,5.014285496303013,14,3500,OKC@DEN,OKC,DEN,,,,,
206,31067-14505,C,Bismack,Bismack Biyombo,Biyombo,6.8599998474121096,10,3500,NY@CHA,CHA,NY,,,,,
207,31067-70824,PF,Ante,Ante Zizic,Zizic,6.91111119588216,18,3500,MIL@CLE,CLE,MIL,,,,,
208,31067-14521,PF,Kenneth,Kenneth Faried,Faried,5.9000000953674325,8,3500,WAS@BKN,BKN,WAS,,,,,
209,31067-15548,SG,Andre,Andre Roberson,Roberson,17.820512820512818,39,3500,OKC@DEN,OKC,DEN,O,Kneecap,,,
210,31067-84668,SF,Troy,Troy Brown Jr.,Brown Jr.,6.275000254313152,12,3500,WAS@BKN,WAS,BKN,,,,,
211,31067-23744,SG,Justin,Justin Anderson,Anderson,8.280000305175781,10,3500,ATL@BOS,ATL,BOS,,,,,
212,31067-84672,SG,Zhaire,Zhaire Smith,Smith,0.0,0,3500,IND@PHI,PHI,IND,O,Foot,,,
213,31067-22727,SG,Ron,Ron Baker,Baker,4.900000138716265,11,3500,NY@CHA,NY,CHA,,,,,
214,31067-84681,SG,Donte,Donte DiVincenzo,DiVincenzo,11.705262836657072,19,3500,MIL@CLE,MIL,CLE,,,,,
215,31067-14537,SF,Chandler,Chandler Parsons,Parsons,9.59999974568685,3,3500,MIA@MEM,MEM,MIA,O,Knee,,,
216,31067-84691,SG,Shake,Shake Milton,Milton,5.666666666666668,3,3500,IND@PHI,PHI,IND,,,,,
217,31067-84695,SG,Gary,Gary Trent Jr.,Trent Jr.,4.600000063578288,3,3500,TOR@POR,POR,TOR,,,,,
218,31067-84697,SG,Jacob,Jacob Evans,Evans,1.9944445292154949,18,3500,GS@SAC,GS,SAC,,,,,
219,31067-84696,PG,Jevon,Jevon Carter,Carter,0.0,0,3500,MIA@MEM,MEM,MIA,,,,,
220,31067-42202,PF,Christian,Christian Wood,Wood,7.53333346048991,6,3500,MIL@CLE,MIL,CLE,,,,,
221,31067-84699,SG,Hamidou,Hamidou Diallo,Diallo,11.59000015258789,20,3500,OKC@DEN,OKC,DEN,,,,,
222,31067-84698,SF,Dzanan,Dzanan Musa,Musa,2.8714286259242465,7,3500,WAS@BKN,BKN,WAS,,,,,
223,31067-15582,PG,Quinn,Quinn Cook,Cook,15.334615854116588,26,3500,GS@SAC,GS,SAC,,,,,
224,31067-15583,PG,Seth,Seth Curry,Curry,6.918181679465554,22,3500,TOR@POR,POR,TOR,,,,,
225,31067-84705,PF,Omari,Omari Spellman,Spellman,16.595454822887074,22,3500,ATL@BOS,ATL,BOS,O,Hip,,,
226,31067-9953,C,Ian,Ian Mahinmi,Mahinmi,10.233333333333333,15,3500,WAS@BKN,WAS,BKN,,,,,
227,31067-84706,PG,Devonte',Devonte' Graham,Graham,5.263636502352628,11,3500,NY@CHA,CHA,NY,,,,,
228,31067-23780,SF,Jake,Jake Layman,Layman,11.386956256368887,23,3500,TOR@POR,POR,TOR,,,,,
229,31067-15591,C,Miles,Miles Plumlee,Plumlee,10.074999809265137,16,3500,ATL@BOS,ATL,BOS,O,Knee,,,
230,31067-9960,SF,Omri,Omri Casspi,Casspi,11.476190476190474,21,3500,MIA@MEM,MEM,MIA,,,,,
231,31067-84717,SG,Anfernee,Anfernee Simons,Simons,3.1,5,3500,TOR@POR,POR,TOR,GTD,Illness,,,
232,31067-84716,C,Thomas,Thomas Welsh,Welsh,2.120000076293945,5,3500,OKC@DEN,DEN,OKC,,,,,
233,31067-84718,PF,Alize,Alize Johnson,Johnson,2.450000047683716,4,3500,IND@PHI,IND,PHI,,,,,
234,31067-9968,SG,Jodie,Jodie Meeks,Meeks,10.457143015675731,77,3500,MIL@CLE,MIL,CLE,,,,,
235,31067-84721,SF,Jarred,Jarred Vanderbilt,Vanderbilt,0.0,0,3500,OKC@DEN,DEN,OKC,O,Foot,,,
236,31067-84724,PG,Landry,Landry Shamet,Shamet,12.251723716998924,29,3500,IND@PHI,PHI,IND,,,,,
237,31067-85238,SF,Yuta,Yuta Watanabe,Watanabe,4.400000095367432,2,3500,MIA@MEM,MEM,MIA,O,Concussion,,,
238,31067-9465,PG,Raymond,Raymond Felton,Felton,10.884615384615383,13,3500,OKC@DEN,OKC,DEN,,,,,
239,31067-23801,SG,Nik,Nik Stauskas,Stauskas,11.528570992606024,28,3500,TOR@POR,POR,TOR,,,,,
240,31067-84730,SG,J.P.,J.P. Macura,Macura,0.0,0,3500,NY@CHA,CHA,NY,,,,,
241,31067-15620,SF,Okaro,Okaro White,White,1.2000000476837158,2,3500,WAS@BKN,WAS,BKN,,,,,
242,31067-9483,C,Joakim,Joakim Noah,Noah,13.760000610351565,5,3500,MIA@MEM,MEM,MIA,,,,,
243,31067-19726,SF,Abdel,Abdel Nader,Nader,2.6818181818181817,11,3500,OKC@DEN,OKC,DEN,,,,,
244,31067-40206,SG,Alex,Alex Abrines,Abrines,10.691304082455842,23,3500,OKC@DEN,OKC,DEN,,,,,
245,31067-23826,PF,Alex,Alex Poythress,Poythress,12.023077157827526,13,3500,ATL@BOS,ATL,BOS,O,Ankle,,,
246,31067-58134,SF,Justin,Justin Jackson,Jackson,13.288461538461537,26,3500,GS@SAC,SAC,GS,,,,,
247,31067-9506,SG,JR,JR Smith,Smith,14.37272782759233,11,3500,MIL@CLE,CLE,MIL,,,,,
248,31067-15669,PF,Meyers,Meyers Leonard,Leonard,12.355999755859376,25,3500,TOR@POR,POR,TOR,,,,,
249,31067-41269,PG,Demetrius,Demetrius Jackson,Jackson,4.0,1,3500,IND@PHI,PHI,IND,,,,,
250,31067-85308,PG,Trevon,Trevon Duval,Duval,0.0,0,3500,MIL@CLE,MIL,CLE,,,,,
251,31067-40255,SG,Davon,Davon Reed,Reed,0.0,3,3500,IND@PHI,IND,PHI,,,,,
252,31067-16197,SG,Chasson,Chasson Randle,Randle,0.0,0,3500,WAS@BKN,WAS,BKN,,,,,
253,31067-20806,SG,Treveon,Treveon Graham,Graham,3.650000095367432,2,3500,WAS@BKN,BKN,WAS,O,Hamstring,,,
254,31067-82761,SG,Jaylen,Jaylen Morris,Morris,5.866666793823242,3,3500,MIL@CLE,MIL,CLE,,,,,
255,31067-84808,SG,Jaylen,Jaylen Adams,Adams,2.100000063578288,6,3500,ATL@BOS,ATL,BOS,,,,,
256,31067-18256,SF,Doug,Doug McDermott,McDermott,11.125,28,3500,IND@PHI,IND,PHI,,,,,
257,31067-16230,SG,Jordan,Jordan McRae,McRae,3.2000000476837163,4,3500,WAS@BKN,WAS,BKN,,,,,
258,31067-9579,PF,Zach,Zach Randolph,Randolph,26.506780074814614,59,3500,GS@SAC,SAC,GS,,,,,
259,31067-15727,SG,Ben,Ben McLemore,McLemore,2.424999952316284,8,3500,GS@SAC,SAC,GS,,,,,
260,31067-9589,PF,Udonis,Udonis Haslem,Haslem,2.6666666666666665,3,3500,MIA@MEM,MIA,MEM,,,,,
261,31067-66424,C,Justin,Justin Patton,Patton,5.0,1,3500,IND@PHI,PHI,IND,O,Foot,,,
262,31067-40830,SG,Delon,Delon Wright,Wright,13.08,25,3500,TOR@POR,TOR,POR,,,,,
263,31067-20357,SG,Jalen,Jalen Jones,Jones,6.5,6,3500,MIL@CLE,CLE,MIL,,,,,
264,31067-16790,PG,Brad,Brad Wanamaker,Wanamaker,6.55,10,3500,ATL@BOS,BOS,ATL,,,,,
265,31067-58270,PG,Edmond,Edmond Sumner,Sumner,1.442857197352818,7,3500,IND@PHI,IND,PHI,,,,,
266,31067-80805,SG,Markelle,Markelle Fultz,Fultz,19.394736842105264,19,3500,IND@PHI,PHI,IND,O,Shoulder,,,
267,31067-16293,SF,Norman,Norman Powell,Powell,9.672727411443537,11,3500,TOR@POR,TOR,POR,O,Shoulder,,,
268,31067-9643,PG,Shaun,Shaun Livingston,Livingston,12.84499969482422,20,3500,GS@SAC,GS,SAC,O,Pelvis,,,
269,31067-80815,PF,Zach,Zach Collins,Collins,16.22857121058873,28,3500,TOR@POR,POR,TOR,,,,,
270,31067-58800,SG,Daniel,Daniel Hamilton,Hamilton,1.75,2,3500,ATL@BOS,ATL,BOS,,,,,
271,31067-80816,SG,Malik,Malik Monk,Monk,16.63846177321214,26,3500,NY@CHA,CHA,NY,,,,,
272,31067-80818,PF,TJ,TJ Leaf,Leaf,5.168749809265137,16,3500,IND@PHI,IND,PHI,,,,,
273,31067-80820,SG,Terrance,Terrance Ferguson,Ferguson,9.41500015258789,20,3500,OKC@DEN,OKC,DEN,,,,,
274,31067-58295,PF,D.J.,D.J. Wilson,Wilson,10.100000381469727,2,3500,MIL@CLE,MIL,CLE,,,,,
275,31067-48570,PF,Isaiah,Isaiah Hicks,Hicks,8.622222052680122,18,3500,NY@CHA,NY,CHA,,,,,
276,31067-80826,PF,Ike,Ike Anigbogu,Anigbogu,2.366666634877523,3,3500,IND@PHI,IND,PHI,,,,,
277,31067-17344,SF,DJ,DJ Stephens,Stephens,4.0,1,3500,MIA@MEM,MEM,MIA,,,,,
278,31067-9669,PF,Jason,Jason Smith,Smith,9.323076688326324,13,3500,MIL@CLE,MIL,CLE,,,,,
279,31067-15814,C,Alex,Alex Len,Len,18.84,25,3500,ATL@BOS,ATL,BOS,,,,,
280,31067-18376,SG,Damion,Damion Lee,Lee,8.707142966134207,14,3500,GS@SAC,GS,SAC,,,,,
281,31067-9677,SF,Jared,Jared Dudley,Dudley,10.879310344827584,29,3500,WAS@BKN,BKN,WAS,,,,,
282,31067-9678,PF,Channing,Channing Frye,Frye,5.322222391764323,9,3500,MIL@CLE,CLE,MIL,,,,,
283,31067-67025,PF,Ivan,Ivan Rabb,Rabb,5.422222137451172,9,3500,MIA@MEM,MEM,MIA,,,,,
284,31067-48598,SF,Semi,Semi Ojeleye,Ojeleye,6.270000076293945,20,3500,ATL@BOS,BOS,ATL,,,,,
285,31067-85463,PG,Joe,Joe Chealey,Chealey,0.0,0,3500,NY@CHA,CHA,NY,,,,,
286,31067-49114,SG,Frank,Frank Mason,Mason,12.079166412353516,24,3500,GS@SAC,SAC,GS,,,,,
287,31067-85467,PF,Yante,Yante Maten,Maten,0.0,0,3500,MIA@MEM,MIA,MEM,,,,,
288,31067-16859,SF,Lance,Lance Thomas,Thomas,9.527273004705256,11,3500,NY@CHA,NY,CHA,O,Knee,,,
289,31067-85466,PF,Wenyen,Wenyen Gabriel,Gabriel,0.0,0,3500,GS@SAC,SAC,GS,,,,,
290,31067-67556,SG,Tyler,Tyler Dorsey,Dorsey,8.185714176722936,14,3500,ATL@BOS,ATL,BOS,,,,,
291,31067-9703,PG,George,George Hill,Hill,17.75333251953125,15,3500,MIL@CLE,MIL,CLE,,,,,
292,31067-17384,C,Kyle,Kyle O'Quinn,O'Quinn,10.164285932268415,14,3500,IND@PHI,IND,PHI,,,,,
293,31067-96763,PG,Brandon,Brandon Goodwin,Goodwin,0.0,0,3500,OKC@DEN,DEN,OKC,,,,,
294,31067-68090,SF,OG,OG Anunoby,Anunoby,13.241666158040367,24,3500,TOR@POR,TOR,POR,,,,,
295,31067-9725,SF,CJ,CJ Miles,Miles,8.983333587646484,24,3500,TOR@POR,TOR,POR,,,,,
