entry_id,contest_id,contest_name,PG,PG,SG,SG,SF,SF,PF,PF,C,,Instructions,,,,,,,,,,,,,,
1596696573,30079-222348092,$10K Wed NBA EPE Shot,30079-9475,30079-49675,30079-58460,30079-16261,30079-58153,30079-9787,30079-15755,30079-20992,30079-14503,,1) Edit your lineup by inserting any player from this list into their appropriate position columns,,,,,,,,,,,,,,
1596696578,30079-222348092,$10K Wed NBA EPE Shot,30079-15542,30079-49675,30079-58460,30079-16261,30079-15904,30079-9787,30079-15755,30079-20992,30079-14503,,2) You can paste either the Player ID + Name OR ID from their respective columns,,,,,,,,,,,,,,
1596696583,30079-222348092,$10K Wed NBA EPE Shot,30079-9475,30079-15542,30079-58460,30079-20640,30079-15904,30079-9787,30079-15755,30079-20992,30079-14503,,3) Any information to the right of the last position column will be ignored in the upload. Don't leave blank rows. Any entries after a blank row will not be edited,,,,,,,,,,,,,,
1596696588,30079-222348092,$10K Wed NBA EPE Shot,30079-9475,30079-15542,30079-58460,30079-20640,30079-15904,30079-9787,30079-15755,30079-20992,30079-14503,,4) You can not use this form to create new entries,,,,,,,,,,,,,,
1596696595,30079-222348092,$10K Wed NBA EPE Shot,30079-9575,30079-49675,30079-16261,30079-20640,30079-15904,30079-9787,30079-15755,30079-20992,30079-14503,,,,,,,,,,,,,,,,
1596696600,30079-222348092,$10K Wed NBA EPE Shot,30079-9475,30079-15542,30079-58460,30079-20640,30079-15904,30079-9787,30079-15755,30079-20992,30079-14503,,Player ID + Player Name,Id,Position,First Name,Nickname,Last Name,FPPG,Played,Salary,Game,Team,Opponent,Injury Indicator,Injury Details,Tier
1596696604,30079-222348092,$10K Wed NBA EPE Shot,30079-9475,30079-15542,30079-58460,30079-42733,30079-59318,30079-15904,30079-15755,30079-20992,30079-14503,,30079-15755:Anthony Davis,30079-15755,PF,Anthony,Anthony Davis,Davis,58.12999878,10,12300,NO@MIN,NO,MIN,,,
1596696609,30079-222348092,$10K Wed NBA EPE Shot,30079-9575,30079-49675,30079-58460,30079-16261,30079-16233,30079-9787,30079-9688,30079-20992,30079-14503,,30079-40199:Giannis Antetokounmpo,30079-40199,SF,Giannis,Giannis Antetokounmpo,Antetokounmpo,53.22500102,12,11800,MEM@MIL,MIL,MEM,,,
1596696616,30079-222348092,$10K Wed NBA EPE Shot,30079-9475,30079-49675,30079-58460,30079-16261,30079-15904,30079-9787,30079-15755,30079-12342,30079-14503,,30079-9642:Russell Westbrook,30079-9642,PG,Russell,Russell Westbrook,Westbrook,50.08571516,7,11600,NY@OKC,OKC,NY,GTD,Ankle,
1596696619,30079-222348092,$10K Wed NBA EPE Shot,30079-9475,30079-15542,30079-58460,30079-16261,30079-15904,30079-9787,30079-15755,30079-20992,30079-9473,,30079-9488:LeBron James,30079-9488,SF,LeBron,LeBron James,James,49.78461632,13,11200,POR@LAL,LAL,POR,,,
,,,,,,,,,,,,,30079-49111:Joel Embiid,30079-49111,C,Joel,Joel Embiid,Embiid,53.71333415,15,11000,PHI@ORL,PHI,ORL,,,
,,,,,,,,,,,,,30079-58462:Karl-Anthony Towns,30079-58462,C,Karl-Anthony,Karl-Anthony Towns,Towns,42.88571603,14,10500,NO@MIN,MIN,NO,,,
,,,,,,,,,,,,,30079-12341:Paul George,30079-12341,SF,Paul,Paul George,George,44.71538368,13,10300,NY@OKC,OKC,NY,,,
,,,,,,,,,,,,,30079-12332:John Wall,30079-12332,PG,John,John Wall,Wall,44.56153752,13,10200,CLE@WAS,WAS,CLE,,,
,,,,,,,,,,,,,30079-15557:Andre Drummond,30079-15557,C,Andre,Andre Drummond,Drummond,47.14999898,12,10000,DET@TOR,DET,TOR,,,
,,,,,,,,,,,,,30079-66115:Ben Simmons,30079-66115,PG,Ben,Ben Simmons,Simmons,40.97142683,14,9500,PHI@ORL,PHI,ORL,,,
,,,,,,,,,,,,,30079-20848:Damian Lillard,30079-20848,PG,Damian,Damian Lillard,Lillard,41.84615385,13,9300,POR@LAL,POR,LAL,GTD,Knee,
,,,,,,,,,,,,,30079-12363:Hassan Whiteside,30079-12363,C,Hassan,Hassan Whiteside,Whiteside,42.15833282,12,9200,MIA@BKN,MIA,BKN,,,
,,,,,,,,,,,,,30079-14513:Kawhi Leonard,30079-14513,SF,Kawhi,Kawhi Leonard,Leonard,42.18999939,10,9200,DET@TOR,TOR,DET,,,
,,,,,,,,,,,,,30079-9560:Blake Griffin,30079-9560,PF,Blake,Blake Griffin,Griffin,44.20000203,12,9000,DET@TOR,DET,TOR,,,
,,,,,,,,,,,,,30079-9663:Jrue Holiday,30079-9663,SG,Jrue,Jrue Holiday,Holiday,42.06153752,13,9000,NO@MIN,NO,MIN,,,
,,,,,,,,,,,,,30079-14498:Kyrie Irving,30079-14498,PG,Kyrie,Kyrie Irving,Irving,38.82499949,12,8900,CHI@BOS,BOS,CHI,,,
,,,,,,,,,,,,,30079-9714:DeMar DeRozan,30079-9714,SG,DeMar,DeMar DeRozan,DeRozan,43.90833537,12,8900,SA@PHO,SA,PHO,,,
,,,,,,,,,,,,,30079-14528:Jimmy Butler,30079-14528,SG,Jimmy,Jimmy Butler,Butler,42.78999939,10,8700,PHI@ORL,PHI,ORL,,,
,,,,,,,,,,,,,30079-15595:Bradley Beal,30079-15595,SG,Bradley,Bradley Beal,Beal,37.78461632,13,8700,CLE@WAS,WAS,CLE,,,
,,,,,,,,,,,,,30079-40783:Zach LaVine,30079-40783,SG,Zach,Zach LaVine,LaVine,40.89999826,14,8700,CHI@BOS,CHI,BOS,,,
,,,,,,,,,,,,,30079-40203:Rudy Gobert,30079-40203,C,Rudy,Rudy Gobert,Gobert,42.61538462,13,8500,UTA@DAL,UTA,DAL,,,
,,,,,,,,,,,,,30079-9535:Kyle Lowry,30079-9535,PG,Kyle,Kyle Lowry,Lowry,40.44285801,14,8500,DET@TOR,TOR,DET,,,
,,,,,,,,,,,,,30079-9688:LaMarcus Aldridge,30079-9688,PF,LaMarcus,LaMarcus Aldridge,Aldridge,38.26666768,12,8400,SA@PHO,SA,PHO,,,
,,,,,,,,,,,,,30079-66113:Donovan Mitchell,30079-66113,SG,Donovan,Donovan Mitchell,Mitchell,34.59090909,11,8300,UTA@DAL,UTA,DAL,,,
,,,,,,,,,,,,,30079-14514:Nikola Vucevic,30079-14514,C,Nikola,Nikola Vucevic,Vucevic,40.97142683,14,8200,PHI@ORL,ORL,PHI,,,
,,,,,,,,,,,,,30079-9581:Marc Gasol,30079-9581,C,Marc,Marc Gasol,Gasol,38.47500102,12,8100,MEM@MIL,MEM,MIL,,,
,,,,,,,,,,,,,30079-23169:Steven Adams,30079-23169,C,Steven,Steven Adams,Adams,36.45833333,12,8000,NY@OKC,OKC,NY,,,
,,,,,,,,,,,,,30079-55057:Jusuf Nurkic,30079-55057,C,Jusuf,Jusuf Nurkic,Nurkic,33.28461632,13,8000,POR@LAL,POR,LAL,,,
,,,,,,,,,,,,,30079-40201:Dennis Schroder,30079-40201,SG,Dennis,Dennis Schroder,Schroder,31.6384606,13,7900,NY@OKC,OKC,NY,,,
,,,,,,,,,,,,,30079-41594:Aaron Gordon,30079-41594,PF,Aaron,Aaron Gordon,Gordon,33.60769184,13,7800,PHI@ORL,ORL,PHI,,,
,,,,,,,,,,,,,30079-9575:Mike Conley,30079-9575,PG,Mike,Mike Conley,Conley,33.79166667,12,7800,MEM@MIL,MEM,MIL,,,
,,,,,,,,,,,,,30079-14522:Nikola Mirotic,30079-14522,SF,Nikola,Nikola Mirotic,Mirotic,39.43636253,11,7700,NO@MIN,NO,MIN,,,
,,,,,,,,,,,,,30079-84669:Luka Doncic,30079-84669,SG,Luka,Luka Doncic,Doncic,33.09999906,13,7700,UTA@DAL,DAL,UTA,,,
,,,,,,,,,,,,,30079-58460:Devin Booker,30079-58460,SG,Devin,Devin Booker,Booker,37.16000061,10,7600,SA@PHO,PHO,SA,,,
,,,,,,,,,,,,,30079-9561:DeAndre Jordan,30079-9561,C,DeAndre,DeAndre Jordan,Jordan,34.39230816,13,7500,UTA@DAL,DAL,UTA,,,
,,,,,,,,,,,,,30079-80808:Jayson Tatum,30079-80808,PF,Jayson,Jayson Tatum,Tatum,30.90000094,13,7500,CHI@BOS,BOS,CHI,,,
,,,,,,,,,,,,,30079-58312:D'Angelo Russell,30079-58312,SG,D'Angelo,D'Angelo Russell,Russell,30.64285714,14,7500,MIA@BKN,BKN,MIA,,,
,,,,,,,,,,,,,30079-16233:Josh Richardson,30079-16233,SF,Josh,Josh Richardson,Richardson,33.52307598,13,7400,MIA@BKN,MIA,BKN,,,
,,,,,,,,,,,,,30079-9660:Dwight Howard,30079-9660,C,Dwight,Dwight Howard,Howard,27.94999949,6,7400,CLE@WAS,WAS,CLE,,,
,,,,,,,,,,,,,30079-42669:Julius Randle,30079-42669,C,Julius,Julius Randle,Randle,32.95384568,13,7300,NO@MIN,NO,MIN,,,
,,,,,,,,,,,,,30079-9453:Al Horford,30079-9453,C,Al,Al Horford,Horford,30.19230769,13,7200,CHI@BOS,BOS,CHI,,,
,,,,,,,,,,,,,30079-9475:Derrick Rose,30079-9475,PG,Derrick,Derrick Rose,Rose,31.01538555,13,7200,NO@MIN,MIN,NO,GTD,Knee,
,,,,,,,,,,,,,30079-16261:Khris Middleton,30079-16261,SG,Khris,Khris Middleton,Middleton,33.38461538,13,7200,MEM@MIL,MIL,MEM,,,
,,,,,,,,,,,,,30079-15846:Tim Hardaway Jr.,30079-15846,SG,Tim,Tim Hardaway Jr.,Hardaway Jr.,33.03846154,13,7200,NY@OKC,NY,OKC,,,
,,,,,,,,,,,,,30079-12355:Eric Bledsoe,30079-12355,PG,Eric,Eric Bledsoe,Bledsoe,31.48461445,13,7000,MEM@MIL,MIL,MEM,,,
,,,,,,,,,,,,,30079-84673:Deandre Ayton,30079-84673,C,Deandre,Deandre Ayton,Ayton,34.96923124,13,7000,SA@PHO,PHO,SA,,,
,,,,,,,,,,,,,30079-19138:Elfrid Payton,30079-19138,PG,Elfrid,Elfrid Payton,Payton,29.2,5,6900,NO@MIN,NO,MIN,GTD,Ankle,
,,,,,,,,,,,,,30079-84676:Wendell Carter Jr.,30079-84676,PF,Wendell,Wendell Carter Jr.,Carter Jr.,31,14,6900,CHI@BOS,CHI,BOS,,,
,,,,,,,,,,,,,30079-42550:Jabari Parker,30079-42550,SF,Jabari,Jabari Parker,Parker,26.11428615,14,6800,CHI@BOS,CHI,BOS,,,
,,,,,,,,,,,,,30079-14516:Enes Kanter,30079-14516,C,Enes,Enes Kanter,Kanter,33.42857143,14,6800,NY@OKC,NY,OKC,,,
,,,,,,,,,,,,,30079-84683:Jaren Jackson Jr.,30079-84683,PF,Jaren,Jaren Jackson Jr.,Jackson Jr.,26.54166667,12,6800,MEM@MIL,MEM,MIL,,,
,,,,,,,,,,,,,30079-23802:Kris Dunn,30079-23802,PG,Kris,Kris Dunn,Dunn,20.29999924,1,6800,CHI@BOS,CHI,BOS,O,Knee,
,,,,,,,,,,,,,30079-9957:Serge Ibaka,30079-9957,PF,Serge,Serge Ibaka,Ibaka,32.77857099,14,6700,DET@TOR,TOR,DET,,,
,,,,,,,,,,,,,30079-9446:Jeff Teague,30079-9446,PG,Jeff,Jeff Teague,Teague,29.51250076,8,6700,NO@MIN,MIN,NO,GTD,Knee,
,,,,,,,,,,,,,30079-9673:Goran Dragic,30079-9673,PG,Goran,Goran Dragic,Dragic,28.97000122,10,6700,MIA@BKN,MIA,BKN,,,
,,,,,,,,,,,,,30079-49116:Andrew Wiggins,30079-49116,SG,Andrew,Andrew Wiggins,Wiggins,29.67999878,10,6700,NO@MIN,MIN,NO,GTD,Knee,
,,,,,,,,,,,,,30079-20491:Robert Covington,30079-20491,SF,Robert,Robert Covington,Covington,28.26153799,13,6600,NO@MIN,MIN,NO,,,
,,,,,,,,,,,,,30079-42156:Bobby Portis,30079-42156,PF,Bobby,Bobby Portis,Portis,28.75,4,6600,CHI@BOS,CHI,BOS,O,Knee,
,,,,,,,,,,,,,30079-23096:Evan Fournier,30079-23096,SG,Evan,Evan Fournier,Fournier,29.24285671,14,6500,PHI@ORL,ORL,PHI,,,
,,,,,,,,,,,,,30079-14496:Ricky Rubio,30079-14496,PG,Ricky,Ricky Rubio,Rubio,27.16153893,13,6500,UTA@DAL,UTA,DAL,,,
,,,,,,,,,,,,,30079-9739:JaVale McGee,30079-9739,C,JaVale,JaVale McGee,McGee,34.09230863,13,6400,POR@LAL,LAL,POR,,,
,,,,,,,,,,,,,30079-23120:TJ Warren,30079-23120,SF,TJ,TJ Warren,Warren,26.75,12,6400,SA@PHO,PHO,SA,,,
,,,,,,,,,,,,,30079-60021:Pascal Siakam,30079-60021,PF,Pascal,Pascal Siakam,Siakam,28.28571429,14,6400,DET@TOR,TOR,DET,,,
,,,,,,,,,,,,,30079-19067:CJ McCollum,30079-19067,SG,CJ,CJ McCollum,McCollum,30.4307697,13,6400,POR@LAL,POR,LAL,,,
,,,,,,,,,,,,,30079-59318:Joe Ingles,30079-59318,SF,Joe,Joe Ingles,Ingles,29.12307739,13,6400,UTA@DAL,UTA,DAL,,,
,,,,,,,,,,,,,30079-20992:Larry Nance Jr.,30079-20992,PF,Larry,Larry Nance Jr.,Nance Jr.,22.78181874,11,6300,CLE@WAS,CLE,WAS,,,
,,,,,,,,,,,,,30079-58377:Kyle Kuzma,30079-58377,PF,Kyle,Kyle Kuzma,Kuzma,28.86922983,13,6300,POR@LAL,LAL,POR,,,
,,,,,,,,,,,,,30079-15946:Harrison Barnes,30079-15946,SF,Harrison,Harrison Barnes,Barnes,25.14444478,9,6200,UTA@DAL,DAL,UTA,,,
,,,,,,,,,,,,,30079-42148:Rondae Hollis-Jefferson,30079-42148,PF,Rondae,Rondae Hollis-Jefferson,Hollis-Jefferson,21.27272727,11,6200,MIA@BKN,BKN,MIA,,,
,,,,,,,,,,,,,30079-14501:Tristan Thompson,30079-14501,C,Tristan,Tristan Thompson,Thompson,27.9307697,13,6100,CLE@WAS,CLE,WAS,,,
,,,,,,,,,,,,,30079-66048:Brandon Ingram,30079-66048,PF,Brandon,Brandon Ingram,Ingram,25.20000034,9,6000,POR@LAL,LAL,POR,,,
,,,,,,,,,,,,,30079-20640:Jordan Clarkson,30079-20640,SG,Jordan,Jordan Clarkson,Clarkson,23.91538415,13,6000,CLE@WAS,CLE,WAS,,,
,,,,,,,,,,,,,30079-80821:Jarrett Allen,30079-80821,C,Jarrett,Jarrett Allen,Allen,30.0692303,13,6000,MIA@BKN,BKN,MIA,O,Illness,
,,,,,,,,,,,,,30079-9621:Brook Lopez,30079-9621,C,Brook,Brook Lopez,Lopez,24.53076876,13,5900,MEM@MIL,MIL,MEM,,,
,,,,,,,,,,,,,30079-15542:Spencer Dinwiddie,30079-15542,PG,Spencer,Spencer Dinwiddie,Dinwiddie,23.91428484,14,5800,MIA@BKN,BKN,MIA,,,
,,,,,,,,,,,,,30079-84667:Collin Sexton,30079-84667,PG,Collin,Collin Sexton,Sexton,18.21538485,13,5800,CLE@WAS,CLE,WAS,,,
,,,,,,,,,,,,,30079-23831:Jerami Grant,30079-23831,PF,Jerami,Jerami Grant,Grant,24.73846201,13,5800,NY@OKC,OKC,NY,,,
,,,,,,,,,,,,,30079-12366:Gordon Hayward,30079-12366,SF,Gordon,Gordon Hayward,Hayward,22.85000102,12,5700,CHI@BOS,BOS,CHI,,,
,,,,,,,,,,,,,30079-15628:Otto Porter Jr.,30079-15628,SF,Otto,Otto Porter Jr.,Porter Jr.,23.96666718,12,5700,CLE@WAS,WAS,CLE,,,
,,,,,,,,,,,,,30079-9577:Rudy Gay,30079-9577,SF,Rudy,Rudy Gay,Gay,28.26666599,9,5700,SA@PHO,SA,PHO,O,Rest,
,,,,,,,,,,,,,30079-80806:Lonzo Ball,30079-80806,PG,Lonzo,Lonzo Ball,Ball,23.95384568,13,5700,POR@LAL,LAL,POR,,,
,,,,,,,,,,,,,30079-80814:Dennis Smith Jr.,30079-80814,PG,Dennis,Dennis Smith Jr.,Smith Jr.,24.89999898,12,5700,UTA@DAL,DAL,UTA,,,
,,,,,,,,,,,,,30079-16359:Malcolm Brogdon,30079-16359,SG,Malcolm,Malcolm Brogdon,Brogdon,25.05384709,13,5700,MEM@MIL,MIL,MEM,,,
,,,,,,,,,,,,,30079-49675:Derrick White,30079-49675,PG,Derrick,Derrick White,White,20.66666667,3,5600,SA@PHO,SA,PHO,,,
,,,,,,,,,,,,,30079-23716:Kyle Anderson,30079-23716,SF,Kyle,Kyle Anderson,Anderson,20.84999975,12,5600,MEM@MIL,MEM,MIL,,,
,,,,,,,,,,,,,30079-14503:Jonas Valanciunas,30079-14503,C,Jonas,Jonas Valanciunas,Valanciunas,27.87142944,14,5600,DET@TOR,TOR,DET,,,
,,,,,,,,,,,,,30079-9966:James Johnson,30079-9966,PF,James,James Johnson,Johnson,25.44657501,73,5600,MIA@BKN,MIA,BKN,O,Abdomen,
,,,,,,,,,,,,,30079-63126:Cedi Osman,30079-63126,SF,Cedi,Cedi Osman,Osman,21.36363636,11,5500,CLE@WAS,CLE,WAS,,,
,,,,,,,,,,,,,30079-16604:Justin Holiday,30079-16604,SG,Justin,Justin Holiday,Holiday,25.11428615,14,5500,CHI@BOS,CHI,BOS,,,
,,,,,,,,,,,,,30079-9481:Taj Gibson,30079-9481,PF,Taj,Taj Gibson,Gibson,27.24285671,14,5500,NO@MIN,MIN,NO,,,
,,,,,,,,,,,,,30079-9655:JJ Redick,30079-9655,SG,JJ,JJ Redick,Redick,25.21333415,15,5400,PHI@ORL,PHI,ORL,,,
,,,,,,,,,,,,,30079-9703:George Hill,30079-9703,PG,George,George Hill,Hill,21.08000031,10,5400,CLE@WAS,CLE,WAS,O,Shoulder,
,,,,,,,,,,,,,30079-12342:Al-Farouq Aminu,30079-12342,PF,Al-Farouq,Al-Farouq Aminu,Aminu,23.08461585,13,5300,POR@LAL,POR,LAL,,,
,,,,,,,,,,,,,30079-12351:Derrick Favors,30079-12351,PF,Derrick,Derrick Favors,Favors,26.39166768,12,5300,UTA@DAL,UTA,DAL,,,
,,,,,,,,,,,,,30079-14512:Marcus Morris,30079-14512,PF,Marcus,Marcus Morris,Morris,25.23846201,13,5300,CHI@BOS,BOS,CHI,O,Illness,
,,,,,,,,,,,,,30079-14523:Reggie Jackson,30079-14523,PG,Reggie,Reggie Jackson,Jackson,24.32499949,12,5300,DET@TOR,DET,TOR,,,
,,,,,,,,,,,,,30079-15904:Rodney Hood,30079-15904,SF,Rodney,Rodney Hood,Hood,21.57692308,13,5200,CLE@WAS,CLE,WAS,,,
,,,,,,,,,,,,,30079-58084:Justise Winslow,30079-58084,SF,Justise,Justise Winslow,Winslow,24.68888855,9,5200,MIA@BKN,MIA,BKN,,,
,,,,,,,,,,,,,30079-9455:Rajon Rondo,30079-9455,PG,Rajon,Rajon Rondo,Rondo,26.16000061,10,5200,POR@LAL,LAL,POR,,,
,,,,,,,,,,,,,30079-55056:Dario Saric,30079-55056,PF,Dario,Dario Saric,Saric,21.70769325,13,5200,NO@MIN,MIN,NO,,,
,,,,,,,,,,,,,30079-15800:Jae Crowder,30079-15800,SF,Jae,Jae Crowder,Crowder,25.83846107,13,5200,UTA@DAL,UTA,DAL,,,
,,,,,,,,,,,,,30079-9799:Wesley Matthews,30079-9799,SG,Wesley,Wesley Matthews,Matthews,25.15833282,12,5100,UTA@DAL,DAL,UTA,GTD,Hamstring,
,,,,,,,,,,,,,30079-84709:Mitchell Robinson,30079-84709,C,Mitchell,Mitchell Robinson,Robinson,18.19999949,12,5100,NY@OKC,NY,OKC,,,
,,,,,,,,,,,,,30079-9585:Dwyane Wade,30079-9585,SG,Dwyane,Dwyane Wade,Wade,23.46666633,9,5100,MIA@BKN,MIA,BKN,O,Personal,
,,,,,,,,,,,,,30079-16405:Terrence Ross,30079-16405,SG,Terrence,Terrence Ross,Ross,23.82142857,14,5000,PHI@ORL,ORL,PHI,,,
,,,,,,,,,,,,,30079-15405:JaMychal Green,30079-15405,PF,JaMychal,JaMychal Green,Green,21.70000076,2,5000,MEM@MIL,MEM,MIL,O,Jaw,
,,,,,,,,,,,,,30079-14511:Markieff Morris,30079-14511,PF,Markieff,Markieff Morris,Morris,21.65833282,12,5000,CLE@WAS,WAS,CLE,,,
,,,,,,,,,,,,,30079-14554:E'Twaun Moore,30079-14554,SF,E'Twaun,E'Twaun Moore,Moore,22.55384709,13,4900,NO@MIN,NO,MIN,,,
,,,,,,,,,,,,,30079-16220:Dion Waiters,30079-16220,SG,Dion,Dion Waiters,Waiters,23.89666748,30,4900,MIA@BKN,MIA,BKN,O,Ankle,
,,,,,,,,,,,,,30079-9570:Pau Gasol,30079-9570,C,Pau,Pau Gasol,Gasol,21.66666667,9,4900,SA@PHO,SA,PHO,O,Foot,
,,,,,,,,,,,,,30079-80811:Jonathan Isaac,30079-80811,SF,Jonathan,Jonathan Isaac,Isaac,18.82500076,8,4900,PHI@ORL,ORL,PHI,,,
,,,,,,,,,,,,,30079-23670:Marcus Smart,30079-23670,SG,Marcus,Marcus Smart,Smart,19.5692303,13,4800,CHI@BOS,BOS,CHI,,,
,,,,,,,,,,,,,30079-16363:Joe Harris,30079-16363,SF,Joe,Joe Harris,Harris,21.17142814,14,4800,MIA@BKN,BKN,MIA,,,
,,,,,,,,,,,,,30079-9500:Dirk Nowitzki,30079-9500,PF,Dirk,Dirk Nowitzki,Nowitzki,23.96883085,77,4700,UTA@DAL,DAL,UTA,O,Ankle,
,,,,,,,,,,,,,30079-84827:Allonzo Trier,30079-84827,SG,Allonzo,Allonzo Trier,Trier,18.34285627,14,4700,NY@OKC,NY,OKC,,,
,,,,,,,,,,,,,30079-67026:Jaylen Brown,30079-67026,SG,Jaylen,Jaylen Brown,Brown,20.05833308,12,4700,CHI@BOS,BOS,CHI,,,
,,,,,,,,,,,,,30079-42661:Noah Vonleh,30079-42661,PF,Noah,Noah Vonleh,Vonleh,22.80000087,14,4600,NY@OKC,NY,OKC,,,
,,,,,,,,,,,,,30079-9538:Trevor Ariza,30079-9538,SF,Trevor,Trevor Ariza,Ariza,23.79999953,13,4600,SA@PHO,PHO,SA,,,
,,,,,,,,,,,,,30079-15744:Rodney McGruder,30079-15744,SG,Rodney,Rodney McGruder,McGruder,26.52307598,13,4600,MIA@BKN,MIA,BKN,,,
,,,,,,,,,,,,,30079-9758:Danny Green,30079-9758,SG,Danny,Danny Green,Green,21.30000087,14,4500,DET@TOR,TOR,DET,,,
,,,,,,,,,,,,,30079-15947:Reggie Bullock,30079-15947,SG,Reggie,Reggie Bullock,Bullock,17.78888957,9,4500,DET@TOR,DET,TOR,,,
,,,,,,,,,,,,,30079-40562:Josh Hart,30079-40562,SG,Josh,Josh Hart,Hart,23.40769137,13,4500,POR@LAL,LAL,POR,,,
,,,,,,,,,,,,,30079-24247:Fred VanVleet,30079-24247,PG,Fred,Fred VanVleet,VanVleet,20.28000031,10,4500,DET@TOR,TOR,DET,,,
,,,,,,,,,,,,,30079-14533:Shelvin Mack,30079-14533,PG,Shelvin,Shelvin Mack,Mack,21.74166616,12,4500,MEM@MIL,MEM,MIL,,,
,,,,,,,,,,,,,30079-9466:D.J. Augustin,30079-9466,PG,D.J.,D.J. Augustin,Augustin,21.18571472,14,4500,PHI@ORL,ORL,PHI,,,
,,,,,,,,,,,,,30079-15501:Allen Crabbe,30079-15501,SG,Allen,Allen Crabbe,Crabbe,13.23846201,13,4400,MIA@BKN,BKN,MIA,,,
,,,,,,,,,,,,,30079-23740:Ryan Arcidiacono,30079-23740,PG,Ryan,Ryan Arcidiacono,Arcidiacono,18.22307645,13,4400,CHI@BOS,CHI,BOS,,,
,,,,,,,,,,,,,30079-84674:Kevin Knox,30079-84674,PF,Kevin,Kevin Knox,Knox,12.28571429,7,4400,NY@OKC,NY,OKC,,,
,,,,,,,,,,,,,30079-84689:Josh Okogie,30079-84689,SG,Josh,Josh Okogie,Okogie,17.73333359,12,4400,NO@MIN,MIN,NO,,,
,,,,,,,,,,,,,30079-9506:JR Smith,30079-9506,SG,JR,JR Smith,Smith,16.02222188,9,4400,CLE@WAS,CLE,WAS,,,
,,,,,,,,,,,,,30079-12359:Evan Turner,30079-12359,SF,Evan,Evan Turner,Turner,23.40000094,13,4300,POR@LAL,POR,LAL,,,
,,,,,,,,,,,,,30079-18600:Tyler Johnson,30079-18600,PG,Tyler,Tyler Johnson,Johnson,20.16923171,13,4300,MIA@BKN,MIA,BKN,,,
,,,,,,,,,,,,,30079-12511:Ish Smith,30079-12511,PG,Ish,Ish Smith,Smith,19.51666641,12,4300,DET@TOR,DET,TOR,,,
,,,,,,,,,,,,,30079-9495:J.J. Barea,30079-9495,PG,J.J.,J.J. Barea,Barea,20.76923077,13,4300,UTA@DAL,DAL,UTA,,,
,,,,,,,,,,,,,30079-9648:Jeff Green,30079-9648,SF,Jeff,Jeff Green,Green,20.95384568,13,4300,CLE@WAS,WAS,CLE,,,
,,,,,,,,,,,,,30079-24546:Denzel Valentine,30079-24546,SF,Denzel,Denzel Valentine,Valentine,22.70909059,77,4300,CHI@BOS,CHI,BOS,O,Ankle,
,,,,,,,,,,,,,30079-58350:Stanley Johnson,30079-58350,SF,Stanley,Stanley Johnson,Johnson,17.5,11,4300,DET@TOR,DET,TOR,,,
,,,,,,,,,,,,,30079-9473:Tyson Chandler,30079-9473,C,Tyson,Tyson Chandler,Chandler,13.83000031,10,4200,POR@LAL,LAL,POR,,,
,,,,,,,,,,,,,30079-58153:Kelly Oubre Jr.,30079-58153,SF,Kelly,Kelly Oubre Jr.,Oubre Jr.,21.10769184,13,4200,CLE@WAS,WAS,CLE,,,
,,,,,,,,,,,,,30079-11074:Garrett Temple,30079-11074,SG,Garrett,Garrett Temple,Temple,19.84166718,12,4200,MEM@MIL,MEM,MIL,,,
,,,,,,,,,,,,,30079-9598:Ersan Ilyasova,30079-9598,PF,Ersan,Ersan Ilyasova,Ilyasova,20.57692308,13,4200,MEM@MIL,MIL,MEM,,,
,,,,,,,,,,,,,30079-48567:Cameron Payne,30079-48567,PG,Cameron,Cameron Payne,Payne,18.20833333,12,4200,CHI@BOS,CHI,BOS,,,
,,,,,,,,,,,,,30079-42677:Terry Rozier,30079-42677,PG,Terry,Terry Rozier,Rozier,19.39999977,13,4100,CHI@BOS,BOS,CHI,,,
,,,,,,,,,,,,,30079-80805:Markelle Fultz,30079-80805,SG,Markelle,Markelle Fultz,Fultz,21.59333293,15,4100,PHI@ORL,PHI,ORL,,,
,,,,,,,,,,,,,30079-80813:Frank Ntilikina,30079-80813,PG,Frank,Frank Ntilikina,Ntilikina,17.75,14,4100,NY@OKC,NY,OKC,,,
,,,,,,,,,,,,,30079-80815:Zach Collins,30079-80815,PF,Zach,Zach Collins,Collins,20.33076829,13,4100,POR@LAL,POR,LAL,,,
,,,,,,,,,,,,,30079-68090:OG Anunoby,30079-68090,SF,OG,OG Anunoby,Anunoby,16.33636336,11,4100,DET@TOR,TOR,DET,,,
,,,,,,,,,,,,,30079-9787:DeMarre Carroll,30079-9787,SF,DeMarre,DeMarre Carroll,Carroll,13.90000025,3,4000,MIA@BKN,BKN,MIA,,,
,,,,,,,,,,,,,30079-15993:Pat Connaughton,30079-15993,SG,Pat,Pat Connaughton,Connaughton,16.06000061,10,4000,MEM@MIL,MIL,MEM,,,
,,,,,,,,,,,,,30079-63124:Emmanuel Mudiay,30079-63124,PG,Emmanuel,Emmanuel Mudiay,Mudiay,16.88571385,7,4000,NY@OKC,NY,OKC,,,
,,,,,,,,,,,,,30079-84675:Mohamed Bamba,30079-84675,C,Mohamed,Mohamed Bamba,Bamba,19.84999956,14,4000,PHI@ORL,ORL,PHI,,,
,,,,,,,,,,,,,30079-58574:Jonah Bolden,30079-58574,PF,Jonah,Jonah Bolden,Bolden,5.633333206,6,4000,PHI@ORL,PHI,ORL,,,
,,,,,,,,,,,,,30079-23282:Sam Dekker,30079-23282,SF,Sam,Sam Dekker,Dekker,15.34444512,9,4000,CLE@WAS,CLE,WAS,O,Ankle,
,,,,,,,,,,,,,30079-22541:Kelly Olynyk,30079-22541,PF,Kelly,Kelly Olynyk,Olynyk,17.96923124,13,3900,MIA@BKN,MIA,BKN,,,
,,,,,,,,,,,,,30079-12365:Ed Davis,30079-12365,PF,Ed,Ed Davis,Davis,18.55000087,14,3900,MIA@BKN,BKN,MIA,,,
,,,,,,,,,,,,,30079-15996:Jerian Grant,30079-15996,PG,Jerian,Jerian Grant,Grant,16.65714264,14,3900,PHI@ORL,ORL,PHI,,,
,,,,,,,,,,,,,30079-14524:MarShon Brooks,30079-14524,SG,MarShon,MarShon Brooks,Brooks,11.59090909,11,3900,MEM@MIL,MEM,MIL,,,
,,,,,,,,,,,,,30079-84670:Mikal Bridges,30079-84670,SF,Mikal,Mikal Bridges,Bridges,13.61538462,13,3900,SA@PHO,PHO,SA,,,
,,,,,,,,,,,,,30079-9939:Patty Mills,30079-9939,PG,Patty,Patty Mills,Mills,18.07499949,12,3900,SA@PHO,SA,PHO,,,
,,,,,,,,,,,,,30079-19456:Isaiah Canaan,30079-19456,PG,Isaiah,Isaiah Canaan,Canaan,17.94999949,12,3800,SA@PHO,PHO,SA,,,
,,,,,,,,,,,,,30079-23676:Damyean Dotson,30079-23676,SG,Damyean,Damyean Dotson,Dotson,21.07499949,12,3800,NY@OKC,NY,OKC,,,
,,,,,,,,,,,,,30079-17542:Alan Williams,30079-17542,PF,Alan,Alan Williams,Williams,13.88000031,5,3800,MIA@BKN,BKN,MIA,,,
,,,,,,,,,,,,,30079-63123:Mario Hezonja,30079-63123,SF,Mario,Mario Hezonja,Hezonja,16.67142814,14,3800,NY@OKC,NY,OKC,,,
,,,,,,,,,,,,,30079-81621:Maxi Kleber,30079-81621,PF,Maxi,Maxi Kleber,Kleber,17.0615387,13,3800,UTA@DAL,DAL,UTA,,,
,,,,,,,,,,,,,30079-58081:Tyus Jones,30079-58081,PG,Tyus,Tyus Jones,Jones,14.51538438,13,3800,NO@MIN,MIN,NO,,,
,,,,,,,,,,,,,30079-15669:Meyers Leonard,30079-15669,PF,Meyers,Meyers Leonard,Leonard,11.15,10,3800,POR@LAL,POR,LAL,,,
,,,,,,,,,,,,,30079-17230:Langston Galloway,30079-17230,SG,Langston,Langston Galloway,Galloway,15.71818126,11,3800,DET@TOR,DET,TOR,,,
,,,,,,,,,,,,,30079-40830:Delon Wright,30079-40830,PG,Delon,Delon Wright,Wright,11.62222205,9,3800,DET@TOR,TOR,DET,,,
,,,,,,,,,,,,,30079-16376:Dorian Finney-Smith,30079-16376,SF,Dorian,Dorian Finney-Smith,Finney-Smith,17.70769207,13,3800,UTA@DAL,DAL,UTA,,,
,,,,,,,,,,,,,30079-66114:Antonio Blakeney,30079-66114,SG,Antonio,Antonio Blakeney,Blakeney,15.65714264,14,3700,CHI@BOS,CHI,BOS,,,
,,,,,,,,,,,,,30079-70826:Furkan Korkmaz,30079-70826,SG,Furkan,Furkan Korkmaz,Korkmaz,7.824999809,8,3700,PHI@ORL,PHI,ORL,,,
,,,,,,,,,,,,,30079-14510:Alec Burks,30079-14510,SG,Alec,Alec Burks,Burks,14.29999966,9,3700,UTA@DAL,UTA,DAL,,,
,,,,,,,,,,,,,30079-84707:Chandler Hutchison,30079-84707,SF,Chandler,Chandler Hutchison,Hutchison,12.60769184,13,3700,CHI@BOS,CHI,BOS,,,
,,,,,,,,,,,,,30079-9956:Wayne Ellington,30079-9956,SG,Wayne,Wayne Ellington,Ellington,14.91666667,6,3700,MIA@BKN,MIA,BKN,,,
,,,,,,,,,,,,,30079-15592:Austin Rivers,30079-15592,SG,Austin,Austin Rivers,Rivers,13.73846201,13,3700,CLE@WAS,WAS,CLE,,,
,,,,,,,,,,,,,30079-23788:Bryn Forbes,30079-23788,PG,Bryn,Bryn Forbes,Forbes,20.125,12,3700,SA@PHO,SA,PHO,,,
,,,,,,,,,,,,,30079-23800:Glenn Robinson III,30079-23800,SF,Glenn,Glenn Robinson III,Robinson III,10.08181832,11,3700,DET@TOR,DET,TOR,,,
,,,,,,,,,,,,,30079-40206:Alex Abrines,30079-40206,SG,Alex,Alex Abrines,Abrines,13.29999953,13,3700,NY@OKC,OKC,NY,,,
,,,,,,,,,,,,,30079-23825:Nerlens Noel,30079-23825,C,Nerlens,Nerlens Noel,Noel,19.29230793,13,3700,NY@OKC,OKC,NY,,,
,,,,,,,,,,,,,30079-82744:Shaquille Harrison,30079-82744,PG,Shaquille,Shaquille Harrison,Harrison,16.3,5,3700,CHI@BOS,CHI,BOS,,,
,,,,,,,,,,,,,30079-16196:Dwight Powell,30079-16196,PF,Dwight,Dwight Powell,Powell,17.68461492,13,3700,UTA@DAL,DAL,UTA,,,
,,,,,,,,,,,,,30079-60233:Dillon Brooks,30079-60233,SG,Dillon,Dillon Brooks,Brooks,13.1454551,11,3700,MEM@MIL,MEM,MIL,O,Knee,
,,,,,,,,,,,,,30079-80817:Bam Adebayo,30079-80817,C,Bam,Bam Adebayo,Adebayo,17.11538462,13,3700,MIA@BKN,MIA,BKN,,,
,,,,,,,,,,,,,30079-9677:Jared Dudley,30079-9677,SF,Jared,Jared Dudley,Dudley,14.45000022,14,3700,MIA@BKN,BKN,MIA,,,
,,,,,,,,,,,,,30079-18393:T.J. McConnell,30079-18393,PG,T.J.,T.J. McConnell,McConnell,11.76666641,12,3700,PHI@ORL,PHI,ORL,,,
,,,,,,,,,,,,,30079-17894:Mike Muscala,30079-17894,C,Mike,Mike Muscala,Muscala,15.23333401,9,3700,PHI@ORL,PHI,ORL,,,
,,,,,,,,,,,,,30079-66091:Cheick Diallo,30079-66091,PF,Cheick,Cheick Diallo,Diallo,13.13000031,10,3600,NO@MIN,NO,MIN,,,
,,,,,,,,,,,,,30079-42158:Jabari Bird,30079-42158,SG,Jabari,Jabari Bird,Bird,5.984615619,13,3600,CHI@BOS,BOS,CHI,O,Not injury related,
,,,,,,,,,,,,,30079-14543:Davis Bertans,30079-14543,SF,Davis,Davis Bertans,Bertans,12.74166616,12,3600,SA@PHO,SA,PHO,,,
,,,,,,,,,,,,,30079-9940:Dante Cunningham,30079-9940,SF,Dante,Dante Cunningham,Cunningham,13.72499975,12,3600,SA@PHO,SA,PHO,,,
,,,,,,,,,,,,,30079-84703:De'Anthony Melton,30079-84703,PG,De'Anthony,De'Anthony Melton,Melton,10.44999981,2,3600,SA@PHO,PHO,SA,,,
,,,,,,,,,,,,,30079-84702:Lonnie Walker IV,30079-84702,SG,Lonnie,Lonnie Walker IV,Walker IV,null,null,3600,SA@PHO,SA,PHO,O,Knee,
,,,,,,,,,,,,,30079-23780:Jake Layman,30079-23780,SF,Jake,Jake Layman,Layman,11.20000047,13,3600,POR@LAL,POR,LAL,,,
,,,,,,,,,,,,,30079-84723:Khyri Thomas,30079-84723,SG,Khyri,Khyri Thomas,Thomas,2,1,3600,DET@TOR,DET,TOR,,,
,,,,,,,,,,,,,30079-15636:Kentavious Caldwell-Pope,30079-15636,SG,Kentavious,Kentavious Caldwell-Pope,Caldwell-Pope,10.4307697,13,3600,POR@LAL,LAL,POR,,,
,,,,,,,,,,,,,30079-48940:Wes Iwundu,30079-48940,SF,Wes,Wes Iwundu,Iwundu,10.24000015,10,3600,PHI@ORL,ORL,PHI,,,
,,,,,,,,,,,,,30079-16178:Maurice Harkless,30079-16178,SF,Maurice,Maurice Harkless,Harkless,15.46000061,5,3600,POR@LAL,POR,LAL,O,Knee,
,,,,,,,,,,,,,30079-9587:Michael Beasley,30079-9587,SF,Michael,Michael Beasley,Beasley,1.533333302,3,3600,POR@LAL,LAL,POR,,,
,,,,,,,,,,,,,30079-18821:Jonathon Simmons,30079-18821,SF,Jonathon,Jonathon Simmons,Simmons,15.65833282,12,3600,PHI@ORL,ORL,PHI,,,
,,,,,,,,,,,,,30079-9615:Courtney Lee,30079-9615,SG,Courtney,Courtney Lee,Lee,21.82631643,76,3600,NY@OKC,NY,OKC,O,Neck,
,,,,,,,,,,,,,30079-66455:Henry Ellenson,30079-66455,PF,Henry,Henry Ellenson,Ellenson,10.60000038,1,3600,DET@TOR,DET,TOR,,,
,,,,,,,,,,,,,30079-23447:Richaun Holmes,30079-23447,PF,Richaun,Richaun Holmes,Holmes,9.400000254,12,3600,SA@PHO,PHO,SA,,,
,,,,,,,,,,,,,30079-15843:Trey Burke,30079-15843,PG,Trey,Trey Burke,Burke,17.31666692,12,3600,NY@OKC,NY,OKC,,,
,,,,,,,,,,,,,30079-66046:Luke Kennard,30079-66046,SG,Luke,Luke Kennard,Kennard,10.83333333,3,3600,DET@TOR,DET,TOR,O,Shoulder,
,,,,,,,,,,,,,30079-58378:Jakob Poeltl,30079-58378,C,Jakob,Jakob Poeltl,Poeltl,7.762499809,8,3500,SA@PHO,SA,PHO,,,
,,,,,,,,,,,,,30079-85521:Theo Pinson,30079-85521,SF,Theo,Theo Pinson,Pinson,3.849999905,2,3500,MIA@BKN,BKN,MIA,,,
,,,,,,,,,,,,,30079-64017:Salah Mejri,30079-64017,C,Salah,Salah Mejri,Mejri,1.299999952,2,3500,UTA@DAL,DAL,UTA,,,
,,,,,,,,,,,,,30079-85523:Jordan Loyd,30079-85523,PG,Jordan,Jordan Loyd,Loyd,1.200000048,1,3500,DET@TOR,TOR,DET,,,
,,,,,,,,,,,,,30079-97299:Zach Lofton,30079-97299,SG,Zach,Zach Lofton,Lofton,2,1,3500,DET@TOR,DET,TOR,,,
,,,,,,,,,,,,,30079-48668:Troy Caupain,30079-48668,PG,Troy,Troy Caupain,Caupain,null,null,3500,PHI@ORL,ORL,PHI,,,
,,,,,,,,,,,,,30079-23581:Amile Jefferson,30079-23581,PF,Amile,Amile Jefferson,Jefferson,null,null,3500,PHI@ORL,ORL,PHI,,,
,,,,,,,,,,,,,30079-37931:Aron Baynes,30079-37931,C,Aron,Aron Baynes,Baynes,11.28000031,10,3500,CHI@BOS,BOS,CHI,,,
,,,,,,,,,,,,,30079-9772:Ryan Anderson,30079-9772,PF,Ryan,Ryan Anderson,Anderson,11.25454573,11,3500,SA@PHO,PHO,SA,,,
,,,,,,,,,,,,,30079-12337:Greg Monroe,30079-12337,C,Greg,Greg Monroe,Monroe,3.78333346,6,3500,DET@TOR,TOR,DET,,,
,,,,,,,,,,,,,30079-12339:Ekpe Udoh,30079-12339,C,Ekpe,Ekpe Udoh,Udoh,4.677777608,9,3500,UTA@DAL,UTA,DAL,,,
,,,,,,,,,,,,,30079-12340:Patrick Patterson,30079-12340,PF,Patrick,Patrick Patterson,Patterson,11.87692261,13,3500,NY@OKC,OKC,NY,,,
,,,,,,,,,,,,,30079-15417:Solomon Hill,30079-15417,SF,Solomon,Solomon Hill,Hill,10.67500019,8,3500,NO@MIN,NO,MIN,,,
,,,,,,,,,,,,,30079-23097:Tomas Satoransky,30079-23097,PG,Tomas,Tomas Satoransky,Satoransky,8.769230769,13,3500,CLE@WAS,WAS,CLE,,,
,,,,,,,,,,,,,30079-66104:Isaiah Briscoe,30079-66104,PG,Isaiah,Isaiah Briscoe,Briscoe,4.020000076,5,3500,PHI@ORL,ORL,PHI,,,
,,,,,,,,,,,,,30079-12348:Wesley Johnson,30079-12348,SF,Wesley,Wesley Johnson,Johnson,12.14285714,7,3500,NO@MIN,NO,MIN,,,
,,,,,,,,,,,,,30079-12357:Quincy Pondexter,30079-12357,SG,Quincy,Quincy Pondexter,Pondexter,6.155555725,9,3500,SA@PHO,SA,PHO,,,
,,,,,,,,,,,,,30079-15952:John Henson,30079-15952,PF,John,John Henson,Henson,17.08461585,13,3500,MEM@MIL,MIL,MEM,,,
,,,,,,,,,,,,,30079-12369:Lance Stephenson,30079-12369,SF,Lance,Lance Stephenson,Stephenson,17.25384639,13,3500,POR@LAL,LAL,POR,,,
,,,,,,,,,,,,,30079-23121:Tyler Cavanaugh,30079-23121,PF,Tyler,Tyler Cavanaugh,Cavanaugh,10.27948702,39,3500,UTA@DAL,UTA,DAL,,,
,,,,,,,,,,,,,30079-9810:Jerryd Bayless,30079-9810,PG,Jerryd,Jerryd Bayless,Bayless,13.46153846,39,3500,NO@MIN,MIN,NO,O,Knee,
,,,,,,,,,,,,,30079-85587:Tyler Davis,30079-85587,C,Tyler,Tyler Davis,Davis,null,null,3500,NY@OKC,OKC,NY,,,
,,,,,,,,,,,,,30079-58457:Devin Robinson,30079-58457,SF,Devin,Devin Robinson,Robinson,11,1,3500,CLE@WAS,WAS,CLE,,,
,,,,,,,,,,,,,30079-15964:Lorenzo Brown,30079-15964,PG,Lorenzo,Lorenzo Brown,Brown,5.590000153,10,3500,DET@TOR,TOR,DET,,,
,,,,,,,,,,,,,30079-58463:Tyler Ulis,30079-58463,PG,Tyler,Tyler Ulis,Ulis,0,1,3500,CHI@BOS,CHI,BOS,,,
,,,,,,,,,,,,,30079-20064:Matthew Dellavedova,30079-20064,PG,Matthew,Matthew Dellavedova,Dellavedova,5.700000127,6,3500,MEM@MIL,MIL,MEM,,,
,,,,,,,,,,,,,30079-15975:C.J. Williams,30079-15975,SG,C.J.,C.J. Williams,Williams,2.816666603,6,3500,NO@MIN,MIN,NO,,,
,,,,,,,,,,,,,30079-68203:Chris Boucher,30079-68203,PF,Chris,Chris Boucher,Boucher,11.39999962,1,3500,DET@TOR,TOR,DET,,,
,,,,,,,,,,,,,30079-17517:Tony Snell,30079-17517,SG,Tony,Tony Snell,Snell,11.50769278,13,3500,MEM@MIL,MIL,MEM,,,
,,,,,,,,,,,,,30079-85105:Billy Preston,30079-85105,PF,Billy,Billy Preston,Preston,null,null,3500,CLE@WAS,CLE,WAS,,,
,,,,,,,,,,,,,30079-23155:Naz Mitrou-Long,30079-23155,SG,Naz,Naz Mitrou-Long,Mitrou-Long,0,1,3500,UTA@DAL,UTA,DAL,,,
,,,,,,,,,,,,,30079-85106:Deonte Burton,30079-85106,SG,Deonte,Deonte Burton,Burton,2.299999952,4,3500,NY@OKC,OKC,NY,,,
,,,,,,,,,,,,,30079-23156:Georges Niang,30079-23156,PF,Georges,Georges Niang,Niang,6.669230534,13,3500,UTA@DAL,UTA,DAL,,,
,,,,,,,,,,,,,30079-81529:Daniel Theis,30079-81529,PF,Daniel,Daniel Theis,Theis,9.46666654,6,3500,CHI@BOS,BOS,CHI,,,
,,,,,,,,,,,,,30079-58490:Wade Baldwin IV,30079-58490,PG,Wade,Wade Baldwin IV,Baldwin IV,1.199999968,3,3500,POR@LAL,POR,LAL,,,
,,,,,,,,,,,,,30079-41083:Luke Kornet,30079-41083,PF,Luke,Luke Kornet,Kornet,0.5,4,3500,NY@OKC,NY,OKC,,,
,,,,,,,,,,,,,30079-17541:James Nunnally,30079-17541,SF,James,James Nunnally,Nunnally,5.220000076,5,3500,NO@MIN,MIN,NO,,,
,,,,,,,,,,,,,30079-9862:Amir Johnson,30079-9862,PF,Amir,Amir Johnson,Johnson,10.79333293,15,3500,PHI@ORL,PHI,ORL,,,
,,,,,,,,,,,,,30079-12424:Timofey Mozgov,30079-12424,C,Timofey,Timofey Mozgov,Mozgov,9.229032455,31,3500,PHI@ORL,ORL,PHI,GTD,Knee,
,,,,,,,,,,,,,30079-66185:Caleb Swanigan,30079-66185,PF,Caleb,Caleb Swanigan,Swanigan,9.5,7,3500,POR@LAL,POR,LAL,,,
,,,,,,,,,,,,,30079-9870:Kyle Korver,30079-9870,SG,Kyle,Kyle Korver,Korver,8.809091048,11,3500,CLE@WAS,CLE,WAS,O,Foot,
,,,,,,,,,,,,,30079-85137:Duncan Robinson,30079-85137,SG,Duncan,Duncan Robinson,Robinson,6,2,3500,MIA@BKN,MIA,BKN,,,
,,,,,,,,,,,,,30079-9873:Robin Lopez,30079-9873,C,Robin,Robin Lopez,Lopez,9.899999619,8,3500,CHI@BOS,CHI,BOS,,,
,,,,,,,,,,,,,30079-9874:Kevin Love,30079-9874,PF,Kevin,Kevin Love,Love,39.45000076,4,3500,CLE@WAS,CLE,WAS,O,Toe,
,,,,,,,,,,,,,30079-66196:PJ Dozier,30079-66196,SG,PJ,PJ Dozier,Dozier,1.100000024,2,3500,CHI@BOS,BOS,CHI,,,
,,,,,,,,,,,,,30079-85140:Keenan Evans,30079-85140,PG,Keenan,Keenan Evans,Evans,null,null,3500,DET@TOR,DET,TOR,,,
,,,,,,,,,,,,,30079-66203:Malachi Richardson,30079-66203,SG,Malachi,Malachi Richardson,Richardson,1.350000024,8,3500,DET@TOR,TOR,DET,,,
,,,,,,,,,,,,,30079-85150:Trevon Bluiett,30079-85150,SG,Trevon,Trevon Bluiett,Bluiett,null,null,3500,NO@MIN,NO,MIN,,,
,,,,,,,,,,,,,30079-70819:Dragan Bender,30079-70819,PF,Dragan,Dragan Bender,Bender,2,4,3500,SA@PHO,PHO,SA,,,
,,,,,,,,,,,,,30079-70820:Thon Maker,30079-70820,C,Thon,Thon Maker,Maker,12.68000031,5,3500,MEM@MIL,MIL,MEM,,,
,,,,,,,,,,,,,30079-70823:Guerschon Yabusele,30079-70823,PF,Guerschon,Guerschon Yabusele,Yabusele,2.271428517,7,3500,CHI@BOS,BOS,CHI,,,
,,,,,,,,,,,,,30079-70825:Timothe Luwawu-Cabarrot,30079-70825,SG,Timothe,Timothe Luwawu-Cabarrot,Luwawu-Cabarrot,0.200000008,6,3500,NY@OKC,OKC,NY,,,
,,,,,,,,,,,,,30079-42665:Andrew Harrison,30079-42665,PG,Andrew,Andrew Harrison,Harrison,3,3,3500,CLE@WAS,CLE,WAS,,,
,,,,,,,,,,,,,30079-70824:Ante Zizic,30079-70824,PF,Ante,Ante Zizic,Zizic,6.92727245,11,3500,CLE@WAS,CLE,WAS,,,
,,,,,,,,,,,,,30079-70827:Ivica Zubac,30079-70827,C,Ivica,Ivica Zubac,Zubac,8.559999847,5,3500,POR@LAL,LAL,POR,,,
,,,,,,,,,,,,,30079-14521:Kenneth Faried,30079-14521,PF,Kenneth,Kenneth Faried,Faried,6.320000076,5,3500,MIA@BKN,BKN,MIA,,,
,,,,,,,,,,,,,30079-15548:Andre Roberson,30079-15548,SG,Andre,Andre Roberson,Roberson,17.82051282,39,3500,NY@OKC,OKC,NY,O,Kneecap,
,,,,,,,,,,,,,30079-84668:Troy Brown Jr.,30079-84668,SF,Troy,Troy Brown Jr.,Brown Jr.,6.359999847,5,3500,CLE@WAS,WAS,CLE,,,
,,,,,,,,,,,,,30079-9920:Anthony Tolliver,30079-9920,PF,Anthony,Anthony Tolliver,Tolliver,12.37857165,14,3500,NO@MIN,MIN,NO,,,
,,,,,,,,,,,,,30079-84672:Zhaire Smith,30079-84672,SG,Zhaire,Zhaire Smith,Smith,null,null,3500,PHI@ORL,PHI,ORL,O,Foot,
,,,,,,,,,,,,,30079-16071:Tim Frazier,30079-16071,PG,Tim,Tim Frazier,Frazier,7.8,10,3500,NO@MIN,NO,MIN,,,
,,,,,,,,,,,,,30079-22727:Ron Baker,30079-22727,SG,Ron,Ron Baker,Baker,4.525000095,8,3500,NY@OKC,NY,OKC,,,
,,,,,,,,,,,,,30079-15560:Shabazz Napier,30079-15560,PG,Shabazz,Shabazz Napier,Napier,13.36999969,10,3500,MIA@BKN,BKN,MIA,,,
,,,,,,,,,,,,,30079-84681:Donte DiVincenzo,30079-84681,SG,Donte,Donte DiVincenzo,DiVincenzo,13.62307739,13,3500,MEM@MIL,MIL,MEM,,,
,,,,,,,,,,,,,30079-14537:Chandler Parsons,30079-14537,SF,Chandler,Chandler Parsons,Parsons,9.599999746,3,3500,MEM@MIL,MEM,MIL,O,Knee,
,,,,,,,,,,,,,30079-14539:Jon Leuer,30079-14539,PF,Jon,Jon Leuer,Leuer,6.25,4,3500,DET@TOR,DET,TOR,,,
,,,,,,,,,,,,,30079-84687:George King,30079-84687,SF,George,George King,King,null,null,3500,SA@PHO,PHO,SA,,,
,,,,,,,,,,,,,30079-84686:Elie Okobo,30079-84686,PG,Elie,Elie Okobo,Okobo,11.24545427,11,3500,SA@PHO,PHO,SA,,,
,,,,,,,,,,,,,30079-16081:Khem Birch,30079-16081,PF,Khem,Khem Birch,Birch,6.940000153,5,3500,PHI@ORL,ORL,PHI,,,
,,,,,,,,,,,,,30079-84688:Keita Bates-Diop,30079-84688,SF,Keita,Keita Bates-Diop,Bates-Diop,5.300000191,2,3500,NO@MIN,MIN,NO,,,
,,,,,,,,,,,,,30079-84691:Shake Milton,30079-84691,SG,Shake,Shake Milton,Milton,null,null,3500,PHI@ORL,PHI,ORL,,,
,,,,,,,,,,,,,30079-84690:Jalen Brunson,30079-84690,PG,Jalen,Jalen Brunson,Brunson,8.22307704,13,3500,UTA@DAL,DAL,UTA,,,
,,,,,,,,,,,,,30079-84695:Gary Trent Jr.,30079-84695,SG,Gary,Gary Trent Jr.,Trent Jr.,3.400000095,1,3500,POR@LAL,POR,LAL,,,
,,,,,,,,,,,,,30079-84694:Bruce Brown,30079-84694,SG,Bruce,Bruce Brown,Brown,7.175000191,8,3500,DET@TOR,DET,TOR,,,
,,,,,,,,,,,,,30079-84696:Jevon Carter,30079-84696,PG,Jevon,Jevon Carter,Carter,null,null,3500,MEM@MIL,MEM,MIL,,,
,,,,,,,,,,,,,30079-42202:Christian Wood,30079-42202,PF,Christian,Christian Wood,Wood,2.866666794,3,3500,MEM@MIL,MIL,MEM,,,
,,,,,,,,,,,,,30079-84699:Hamidou Diallo,30079-84699,SG,Hamidou,Hamidou Diallo,Diallo,11.65000025,12,3500,NY@OKC,OKC,NY,,,
,,,,,,,,,,,,,30079-84698:Dzanan Musa,30079-84698,SF,Dzanan,Dzanan Musa,Musa,4.474999905,4,3500,MIA@BKN,BKN,MIA,,,
,,,,,,,,,,,,,30079-84701:Chimezie Metu,30079-84701,PF,Chimezie,Chimezie Metu,Metu,3.871428626,7,3500,SA@PHO,SA,PHO,,,
,,,,,,,,,,,,,30079-84700:Rodions Kurucs,30079-84700,PF,Rodions,Rodions Kurucs,Kurucs,10.14000015,5,3500,MIA@BKN,BKN,MIA,,,
,,,,,,,,,,,,,30079-15583:Seth Curry,30079-15583,PG,Seth,Seth Curry,Curry,8.27692296,13,3500,POR@LAL,POR,LAL,,,
,,,,,,,,,,,,,30079-9953:Ian Mahinmi,30079-9953,C,Ian,Ian Mahinmi,Mahinmi,10.72222222,9,3500,CLE@WAS,WAS,CLE,,,
,,,,,,,,,,,,,30079-58083:Jahlil Okafor,30079-58083,C,Jahlil,Jahlil Okafor,Okafor,6.728571211,7,3500,NO@MIN,NO,MIN,,,
,,,,,,,,,,,,,30079-84708:Robert Williams III,30079-84708,C,Robert,Robert Williams III,Williams III,4.059999847,5,3500,CHI@BOS,BOS,CHI,,,
,,,,,,,,,,,,,30079-84711:Grayson Allen,30079-84711,SG,Grayson,Grayson Allen,Allen,5.612500191,8,3500,UTA@DAL,UTA,DAL,,,
,,,,,,,,,,,,,30079-9448:Jamal Crawford,30079-9448,SG,Jamal,Jamal Crawford,Crawford,6.463636225,11,3500,SA@PHO,PHO,SA,,,
,,,,,,,,,,,,,30079-9960:Omri Casspi,30079-9960,SF,Omri,Omri Casspi,Casspi,12.05714308,7,3500,MEM@MIL,MEM,MIL,O,Knee,
,,,,,,,,,,,,,30079-84713:Svi Mykhailiuk,30079-84713,SG,Svi,Svi Mykhailiuk,Mykhailiuk,5.21666654,6,3500,POR@LAL,LAL,POR,,,
,,,,,,,,,,,,,30079-84714:Moritz Wagner,30079-84714,C,Moritz,Moritz Wagner,Wagner,null,null,3500,POR@LAL,LAL,POR,,,
,,,,,,,,,,,,,30079-84717:Anfernee Simons,30079-84717,SG,Anfernee,Anfernee Simons,Simons,1,2,3500,POR@LAL,POR,LAL,,,
,,,,,,,,,,,,,30079-42733:David Nwaba,30079-42733,SG,David,David Nwaba,Nwaba,9.722222222,9,3500,CLE@WAS,CLE,WAS,,,
,,,,,,,,,,,,,30079-9454:Zaza Pachulia,30079-9454,C,Zaza,Zaza Pachulia,Pachulia,13.55833308,12,3500,DET@TOR,DET,TOR,,,
,,,,,,,,,,,,,30079-9968:Jodie Meeks,30079-9968,SG,Jodie,Jodie Meeks,Meeks,10.45714302,77,3500,MEM@MIL,MIL,MEM,O,Suspension,
,,,,,,,,,,,,,30079-67312:Thomas Bryant,30079-67312,C,Thomas,Thomas Bryant,Bryant,5.224999905,4,3500,CLE@WAS,WAS,CLE,,,
,,,,,,,,,,,,,30079-84720:Melvin Frazier Jr.,30079-84720,SF,Melvin,Melvin Frazier Jr.,Frazier Jr.,-0.5,2,3500,PHI@ORL,ORL,PHI,,,
,,,,,,,,,,,,,30079-84722:Isaac Bonga,30079-84722,SF,Isaac,Isaac Bonga,Bonga,null,null,3500,POR@LAL,LAL,POR,,,
,,,,,,,,,,,,,30079-84725:Kostas Antetokounmpo,30079-84725,PF,Kostas,Kostas Antetokounmpo,Antetokounmpo,null,null,3500,UTA@DAL,DAL,UTA,,,
,,,,,,,,,,,,,30079-84724:Landry Shamet,30079-84724,PG,Landry,Landry Shamet,Shamet,12.31333313,15,3500,PHI@ORL,PHI,ORL,,,
,,,,,,,,,,,,,30079-84726:Ray Spalding,30079-84726,PF,Ray,Ray Spalding,Spalding,0,1,3500,UTA@DAL,DAL,UTA,,,
,,,,,,,,,,,,,30079-85238:Yuta Watanabe,30079-85238,SF,Yuta,Yuta Watanabe,Watanabe,3.400000095,1,3500,MEM@MIL,MEM,MIL,,,
,,,,,,,,,,,,,30079-85241:Johnathan Williams,30079-85241,PF,Johnathan,Johnathan Williams,Williams,10.69999949,6,3500,POR@LAL,LAL,POR,,,
,,,,,,,,,,,,,30079-9465:Raymond Felton,30079-9465,PG,Raymond,Raymond Felton,Felton,13.09999956,7,3500,NY@OKC,OKC,NY,,,
,,,,,,,,,,,,,30079-23801:Nik Stauskas,30079-23801,SG,Nik,Nik Stauskas,Stauskas,14.28461515,13,3500,POR@LAL,POR,LAL,,,
,,,,,,,,,,,,,30079-85242:Rawle Alkins,30079-85242,SG,Rawle,Rawle Alkins,Alkins,null,null,3500,CHI@BOS,CHI,BOS,,,
,,,,,,,,,,,,,30079-9479:Luol Deng,30079-9479,SF,Luol,Luol Deng,Deng,9.5,2,3500,NO@MIN,MIN,NO,,,
,,,,,,,,,,,,,30079-19726:Abdel Nader,30079-19726,SF,Abdel,Abdel Nader,Nader,1.2,5,3500,NY@OKC,OKC,NY,,,
,,,,,,,,,,,,,30079-55055:Dante Exum,30079-55055,PG,Dante,Dante Exum,Exum,13.28461515,13,3500,UTA@DAL,UTA,DAL,,,
,,,,,,,,,,,,,30079-40208:Raul Neto,30079-40208,PG,Raul,Raul Neto,Neto,9.007316775,41,3500,UTA@DAL,UTA,DAL,O,Hamstring,
,,,,,,,,,,,,,30079-41269:Demetrius Jackson,30079-41269,PG,Demetrius,Demetrius Jackson,Jackson,3.393333435,15,3500,PHI@ORL,PHI,ORL,,,
,,,,,,,,,,,,,30079-82743:Walter Lemon Jr.,30079-82743,SG,Walter,Walter Lemon Jr.,Lemon Jr.,5.179999924,5,3500,CHI@BOS,BOS,CHI,,,
,,,,,,,,,,,,,30079-85305:Kenrich Williams,30079-85305,PF,Kenrich,Kenrich Williams,Williams,2,5,3500,NO@MIN,NO,MIN,,,
,,,,,,,,,,,,,30079-85309:Daryl Macon,30079-85309,PG,Daryl,Daryl Macon,Macon,0,1,3500,UTA@DAL,DAL,UTA,,,
,,,,,,,,,,,,,30079-85308:Trevon Duval,30079-85308,PG,Trevon,Trevon Duval,Duval,null,null,3500,MEM@MIL,MIL,MEM,GTD,Eye,
,,,,,,,,,,,,,30079-20805:Troy Daniels,30079-20805,SG,Troy,Troy Daniels,Daniels,8.449999809,4,3500,SA@PHO,PHO,SA,,,
,,,,,,,,,,,,,30079-20806:Treveon Graham,30079-20806,SG,Treveon,Treveon Graham,Graham,3.650000095,2,3500,MIA@BKN,BKN,MIA,O,Hamstring,
,,,,,,,,,,,,,30079-40262:Sterling Brown,30079-40262,SG,Sterling,Sterling Brown,Brown,4.142857143,7,3500,MEM@MIL,MIL,MEM,,,
,,,,,,,,,,,,,30079-82761:Jaylen Morris,30079-82761,SG,Jaylen,Jaylen Morris,Morris,10.11666679,6,3500,MEM@MIL,MIL,MEM,,,
,,,,,,,,,,,,,30079-17747:Ian Clark,30079-17747,SG,Ian,Ian Clark,Clark,9.291666667,12,3500,NO@MIN,NO,MIN,,,
,,,,,,,,,,,,,30079-84830:Jared Terrell,30079-84830,SG,Jared,Jared Terrell,Terrell,13.69999981,1,3500,NO@MIN,MIN,NO,,,
,,,,,,,,,,,,,30079-84833:Ryan Broekhoff,30079-84833,PF,Ryan,Ryan Broekhoff,Broekhoff,1.399999936,6,3500,UTA@DAL,DAL,UTA,,,
,,,,,,,,,,,,,30079-16230:Jordan McRae,30079-16230,SG,Jordan,Jordan McRae,McRae,3.200000048,4,3500,CLE@WAS,WAS,CLE,,,
,,,,,,,,,,,,,30079-40819:Jarell Martin,30079-40819,PF,Jarell,Jarell Martin,Martin,8.677777608,9,3500,PHI@ORL,ORL,PHI,,,
,,,,,,,,,,,,,30079-9589:Udonis Haslem,30079-9589,PF,Udonis,Udonis Haslem,Haslem,-0.800000012,1,3500,MIA@BKN,MIA,BKN,,,
,,,,,,,,,,,,,30079-66424:Justin Patton,30079-66424,C,Justin,Justin Patton,Patton,5,1,3500,PHI@ORL,PHI,ORL,O,Foot,
,,,,,,,,,,,,,30079-9613:Devin Harris,30079-9613,PG,Devin,Devin Harris,Harris,12.26666641,3,3500,UTA@DAL,DAL,UTA,,,
,,,,,,,,,,,,,30079-15762:Darius Miller,30079-15762,SF,Darius,Darius Miller,Miller,9.344444275,9,3500,NO@MIN,NO,MIN,,,
,,,,,,,,,,,,,30079-16790:Brad Wanamaker,30079-16790,PG,Brad,Brad Wanamaker,Wanamaker,3.099999905,2,3500,CHI@BOS,BOS,CHI,,,
,,,,,,,,,,,,,30079-66968:Derrick Jones Jr.,30079-66968,SF,Derrick,Derrick Jones Jr.,Jones Jr.,11.60999985,10,3500,MIA@BKN,MIA,BKN,GTD,Illness,
,,,,,,,,,,,,,30079-15771:Gorgui Dieng,30079-15771,C,Gorgui,Gorgui Dieng,Dieng,14.18571472,14,3500,NO@MIN,MIN,NO,,,
,,,,,,,,,,,,,30079-18338:Royce O'Neale,30079-18338,SF,Royce,Royce O'Neale,O'Neale,9.169230534,13,3500,UTA@DAL,UTA,DAL,,,
,,,,,,,,,,,,,30079-9636:Wilson Chandler,30079-9636,SF,Wilson,Wilson Chandler,Chandler,11.375,4,3500,PHI@ORL,PHI,ORL,,,
,,,,,,,,,,,,,30079-16293:Norman Powell,30079-16293,SF,Norman,Norman Powell,Powell,9.672727411,11,3500,DET@TOR,TOR,DET,O,Shoulder,
,,,,,,,,,,,,,30079-80809:Josh Jackson,30079-80809,PF,Josh,Josh Jackson,Jackson,11.9384613,13,3500,SA@PHO,PHO,SA,,,
,,,,,,,,,,,,,30079-23981:Alex Caruso,30079-23981,PG,Alex,Alex Caruso,Caruso,10.31081081,37,3500,POR@LAL,LAL,POR,,,
,,,,,,,,,,,,,30079-80812:Lauri Markkanen,30079-80812,PF,Lauri,Lauri Markkanen,Markkanen,28.09855143,69,3500,CHI@BOS,CHI,BOS,O,Elbow,
,,,,,,,,,,,,,30079-9647:Thabo Sefolosha,30079-9647,SF,Thabo,Thabo Sefolosha,Sefolosha,5.300000191,2,3500,UTA@DAL,UTA,DAL,,,
,,,,,,,,,,,,,30079-80820:Terrance Ferguson,30079-80820,SG,Terrance,Terrance Ferguson,Ferguson,8.869231004,13,3500,NY@OKC,OKC,NY,,,
,,,,,,,,,,,,,30079-80823:Tony Bradley,30079-80823,C,Tony,Tony Bradley,Bradley,2.522222307,9,3500,UTA@DAL,UTA,DAL,,,
,,,,,,,,,,,,,30079-58295:D.J. Wilson,30079-58295,PF,D.J.,D.J. Wilson,Wilson,2.068181818,22,3500,MEM@MIL,MIL,MEM,GTD,Hamstring,
,,,,,,,,,,,,,30079-80824:Frank Jackson,30079-80824,PG,Frank,Frank Jackson,Jackson,6.662499905,8,3500,NO@MIN,NO,MIN,,,
,,,,,,,,,,,,,30079-48570:Isaiah Hicks,30079-48570,PF,Isaiah,Isaiah Hicks,Hicks,8.622222053,18,3500,NY@OKC,NY,OKC,,,
,,,,,,,,,,,,,30079-17344:DJ Stephens,30079-17344,SF,DJ,DJ Stephens,Stephens,null,null,3500,MEM@MIL,MEM,MIL,,,
,,,,,,,,,,,,,30079-9669:Jason Smith,30079-9669,PF,Jason,Jason Smith,Smith,11.72500038,8,3500,CLE@WAS,WAS,CLE,,,
,,,,,,,,,,,,,30079-9678:Channing Frye,30079-9678,PF,Channing,Channing Frye,Frye,11.35000038,2,3500,CLE@WAS,CLE,WAS,,,
,,,,,,,,,,,,,30079-67025:Ivan Rabb,30079-67025,PF,Ivan,Ivan Rabb,Rabb,6.414285932,7,3500,MEM@MIL,MEM,MIL,O,Illness,
,,,,,,,,,,,,,30079-48598:Semi Ojeleye,30079-48598,SF,Semi,Semi Ojeleye,Ojeleye,4.311111026,9,3500,CHI@BOS,BOS,CHI,,,
,,,,,,,,,,,,,30079-85467:Yante Maten,30079-85467,PF,Yante,Yante Maten,Maten,null,null,3500,MIA@BKN,MIA,BKN,,,
,,,,,,,,,,,,,30079-16859:Lance Thomas,30079-16859,SF,Lance,Lance Thomas,Thomas,9.527273005,11,3500,NY@OKC,NY,OKC,O,Knee,
,,,,,,,,,,,,,30079-49115:Wayne Selden,30079-49115,SG,Wayne,Wayne Selden,Selden,10.04999987,12,3500,MEM@MIL,MEM,MIL,,,
,,,,,,,,,,,,,30079-97263:Drew Eubanks,30079-97263,PF,Drew,Drew Eubanks,Eubanks,2,2,3500,SA@PHO,SA,PHO,,,
,,,,,,,,,,,,,30079-9712:Jose Calderon,30079-9712,PG,Jose,Jose Calderon,Calderon,6.622222053,9,3500,DET@TOR,DET,TOR,,,
,,,,,,,,,,,,,30079-9715:Marco Belinelli,30079-9715,SG,Marco,Marco Belinelli,Belinelli,16.88333384,12,3500,SA@PHO,SA,PHO,,,
,,,,,,,,,,,,,30079-63478:Cristiano Felicio,30079-63478,C,Cristiano,Cristiano Felicio,Felicio,12.1,10,3500,CHI@BOS,CHI,BOS,,,
,,,,,,,,,,,,,30079-9725:CJ Miles,30079-9725,SF,CJ,CJ Miles,Miles,10.33076947,13,3500,DET@TOR,TOR,DET,O,Groin,
