,Id,Position,First Name,Nickname,Last Name,FPPG,Played,Salary,Game,Team,Opponent,Injury Indicator,Injury Details,Tier,Unnamed: 14,Unnamed: 15
0,31306-9644,SG,James,James Harden,Harden,53.57142857142857,28,12200,SA@HOU,HOU,SA,,,,,
1,31306-40199,SF,Giannis,Giannis Antetokounmpo,Antetokounmpo,54.862068965517246,29,11800,MIL@MIA,MIL,MIA,,,,,
2,31306-9642,PG,Russell,Russell Westbrook,Westbrook,53.3272705078125,22,11700,OKC@UTA,OKC,UTA,,,,,
3,31306-49111,C,Joel,Joel Embiid,Embiid,51.09687423706055,32,10500,TOR@PHI,PHI,TOR,,,,,
4,31306-14513,SF,Kawhi,Kawhi Leonard,Leonard,46.58076829176682,26,10300,TOR@PHI,TOR,PHI,O,Rest,,,
5,31306-12332,PG,John,John Wall,Wall,42.62666829427084,30,10000,PHO@WAS,WAS,PHO,,,,,
6,31306-12341,SF,Paul,Paul George,George,47.18666585286458,30,9800,OKC@UTA,OKC,UTA,,,,,
7,31306-9646,SF,Kevin,Kevin Durant,Durant,49.099998474121094,32,9500,DAL@GS,GS,DAL,,,,,
8,31306-9524,PG,Stephen,Stephen Curry,Curry,45.028570265997026,21,9400,DAL@GS,GS,DAL,,,,,
9,31306-66115,PG,Ben,Ben Simmons,Simmons,41.9375,32,9300,TOR@PHI,PHI,TOR,,,,,
10,31306-55059,C,Clint,Clint Capela,Capela,39.596774193548384,31,9000,SA@HOU,HOU,SA,,,,,
11,31306-58460,SG,Devin,Devin Booker,Booker,39.08636474609375,22,8900,PHO@WAS,PHO,WAS,,,,,
12,31306-40203,C,Rudy,Rudy Gobert,Gobert,39.46666740648674,33,8700,OKC@UTA,UTA,OKC,,,,,
13,31306-15595,SG,Bradley,Bradley Beal,Beal,39.296875,32,8600,PHO@WAS,WAS,PHO,,,,,
14,31306-9623,PG,Chris,Chris Paul,Paul,36.615384615384606,26,8500,SA@HOU,HOU,SA,O,Hamstring,,,
15,31306-9535,PG,Kyle,Kyle Lowry,Lowry,37.210343985721984,29,8400,TOR@PHI,TOR,PHI,O,Thigh,,,
16,31306-84669,SG,Luka,Luka Doncic,Doncic,35.04827670393319,29,8300,DAL@GS,DAL,GS,,,,,
17,31306-9714,SG,DeMar,DeMar DeRozan,DeRozan,40.46363784327652,33,8200,SA@HOU,SA,HOU,,,,,
18,31306-12363,C,Hassan,Hassan Whiteside,Whiteside,39.1760009765625,25,8000,MIL@MIA,MIA,MIL,,,,,
19,31306-9688,PF,LaMarcus,LaMarcus Aldridge,Aldridge,36.28787878787879,33,7900,SA@HOU,SA,HOU,,,,,
20,31306-23169,C,Steven,Steven Adams,Adams,36.32758620689656,29,7700,OKC@UTA,OKC,UTA,,,,,
21,31306-14528,SG,Jimmy,Jimmy Butler,Butler,37.811537522536064,26,7600,TOR@PHI,PHI,TOR,,,,,
22,31306-66113,SG,Donovan,Donovan Mitchell,Mitchell,32.75517325565733,29,7500,OKC@UTA,UTA,OKC,,,,,
23,31306-84673,C,Deandre,Deandre Ayton,Ayton,34.446876525878906,32,7400,PHO@WAS,PHO,WAS,,,,,
24,31306-16233,SF,Josh,Josh Richardson,Richardson,31.92758704876077,29,7300,MIL@MIA,MIA,MIL,,,,,
25,31306-60021,PF,Pascal,Pascal Siakam,Siakam,30.033332593513254,33,7200,TOR@PHI,TOR,PHI,,,,,
26,31306-9561,C,DeAndre,DeAndre Jordan,Jordan,33.86999918619792,30,7200,DAL@GS,DAL,GS,,,,,
27,31306-12355,PG,Eric,Eric Bledsoe,Bledsoe,33.05483713457661,31,7100,MIL@MIA,MIL,MIA,,,,,
28,31306-23120,SF,TJ,TJ Warren,Warren,29.47692401592548,26,7100,PHO@WAS,PHO,WAS,,,,,
29,31306-14509,SG,Klay,Klay Thompson,Thompson,33.72499847412109,32,7000,DAL@GS,GS,DAL,,,,,
30,31306-16261,SG,Khris,Khris Middleton,Middleton,32.12068965517241,29,7000,MIL@MIA,MIL,MIA,,,,,
31,31306-9957,PF,Serge,Serge Ibaka,Ibaka,31.538710071194558,31,6900,TOR@PHI,TOR,PHI,GTD,Knee,,,
32,31306-15628,SF,Otto,Otto Porter,Porter Jr.,26.80800048828125,25,6700,PHO@WAS,WAS,PHO,O,Knee,,,
33,31306-15860,PF,Draymond,Draymond Green,Green,30.95555623372396,18,6600,DAL@GS,GS,DAL,,,,,
34,31306-9577,SF,Rudy,Rudy Gay,Gay,28.75172371699892,29,6500,SA@HOU,SA,HOU,,,,,
35,31306-9660,C,Dwight,Dwight Howard,Howard,26.400000678168407,9,6100,PHO@WAS,WAS,PHO,O,Back,,,
36,31306-9538,SF,Trevor,Trevor Ariza,Ariza,26.742856706891736,28,6000,PHO@WAS,WAS,PHO,,,,,
37,31306-15946,SF,Harrison,Harrison Barnes,Barnes,26.549999530498802,26,5900,DAL@GS,DAL,GS,,,,,
38,31306-14496,PG,Ricky,Ricky Rubio,Rubio,28.10303104285038,33,5900,OKC@UTA,UTA,OKC,,,,,
39,31306-9556,SG,Eric,Eric Gordon,Gordon,22.064285278320312,28,5900,SA@HOU,HOU,SA,,,,,
40,31306-24247,PG,Fred,Fred VanVleet,VanVleet,22.04827670393319,29,5800,TOR@PHI,TOR,PHI,,,,,
41,31306-59318,SF,Joe,Joe Ingles,Ingles,26.860606800426137,33,5800,OKC@UTA,UTA,OKC,,,,,
42,31306-40201,SG,Dennis,Dennis Schroder,Schroder,29.22069049703664,29,5700,OKC@UTA,OKC,UTA,,,,,
43,31306-9673,PG,Goran,Goran Dragic,Dragic,26.757143293108264,14,5700,MIL@MIA,MIA,MIL,O,Knee,,,
44,31306-9655,SG,JJ,JJ Redick,Redick,24.963635993726324,33,5600,TOR@PHI,PHI,TOR,,,,,
45,31306-16359,SG,Malcolm,Malcolm Brogdon,Brogdon,26.37931034482759,29,5500,MIL@MIA,MIL,MIA,,,,,
46,31306-22541,PF,Kelly,Kelly Olynyk,Olynyk,20.38620731748384,29,5400,MIL@MIA,MIA,MIL,,,,,
47,31306-80814,PG,Dennis,Dennis Smith Jr.,Smith Jr.,24.776189894903283,21,5400,DAL@GS,DAL,GS,O,Wrist,,,
48,31306-58084,SF,Justise,Justise Winslow,Winslow,23.3360009765625,25,5300,MIL@MIA,MIA,MIL,GTD,Ankle,,,
49,31306-80809,PF,Josh,Josh Jackson,Jackson,19.256250381469727,32,5300,PHO@WAS,PHO,WAS,,,,,
50,31306-15800,SF,Jae,Jae Crowder,Crowder,23.054545084635414,33,5300,OKC@UTA,UTA,OKC,,,,,
51,31306-12351,PF,Derrick,Derrick Favors,Favors,25.60625076293945,32,5200,OKC@UTA,UTA,OKC,,,,,
52,31306-23831,PF,Jerami,Jerami Grant,Grant,23.97333374023437,30,5200,OKC@UTA,OKC,UTA,,,,,
53,31306-66968,SF,Derrick,Derrick Jones Jr.,Jones Jr.,16.85,20,5200,MIL@MIA,MIA,MIL,,,,,
54,31306-9648,SF,Jeff,Jeff Green,Green,20.686665852864586,30,5200,PHO@WAS,WAS,PHO,,,,,
55,31306-80817,PF,Bam,Bam Adebayo,Adebayo,22.963334147135416,30,5200,MIL@MIA,MIA,MIL,,,,,
56,31306-9799,SG,Wesley,Wesley Matthews,Matthews,22.865384615384613,26,5100,DAL@GS,DAL,GS,GTD,Foot,,,
57,31306-14503,C,Jonas,Jonas Valanciunas,Valanciunas,25.19000040690104,30,5000,TOR@PHI,TOR,PHI,O,Thumb,,,
58,31306-14511,PF,Markieff,Markieff Morris,Morris,22.380644767515122,31,5000,PHO@WAS,WAS,PHO,,,,,
59,31306-9495,PG,J.J.,J.J. Barea,Barea,23.01481571903935,27,5000,DAL@GS,DAL,GS,,,,,
60,31306-16220,SG,Dion,Dion Waiters,Waiters,23.89666748046875,30,4900,MIL@MIA,MIA,MIL,O,Ankle,,,
61,31306-23407,PF,PJ,P.J. Tucker,Tucker,20.732258458291327,31,4900,SA@HOU,HOU,SA,,,,,
62,31306-9585,SG,Dwyane,Dwyane Wade,Wade,25.118180708451703,22,4900,MIL@MIA,MIA,MIL,,,,,
63,31306-9621,C,Brook,Brook Lopez,Lopez,24.30322659400202,31,4900,MIL@MIA,MIL,MIA,,,,,
64,31306-58153,SF,Kelly,Kelly Oubre,Oubre Jr.,23.28333333333333,30,4800,PHO@WAS,PHO,WAS,,,,,
65,31306-23447,PF,Richaun,Richaun Holmes,Holmes,17.774193548387093,31,4700,PHO@WAS,PHO,WAS,,,,,
66,31306-12337,C,Greg,Greg Monroe,Monroe,9.711765064912685,17,4600,TOR@PHI,TOR,PHI,,,,,
67,31306-67312,C,Thomas,Thomas Bryant,Bryant,14.745454268022018,22,4600,PHO@WAS,WAS,PHO,,,,,
68,31306-9758,SG,Danny,Danny Green,Green,20.92727198745265,33,4500,TOR@PHI,TOR,PHI,GTD,Knee,,,
69,31306-23097,PG,Tomas,Tomas Satoransky,Satoransky,14.471875190734865,32,4500,PHO@WAS,WAS,PHO,,,,,
70,31306-23282,SF,Sam,Sam Dekker,Dekker,15.540000406901042,15,4400,PHO@WAS,WAS,PHO,,,,,
71,31306-9570,C,Pau,Pau Gasol,Gasol,21.66666666666667,9,4400,SA@HOU,SA,HOU,O,Foot,,,
72,31306-15744,SG,Rodney,Rodney McGruder,McGruder,21.52333374023437,30,4400,MIL@MIA,MIA,MIL,,,,,
73,31306-84670,SF,Mikal,Mikal Bridges,Bridges,16.665624618530273,32,4300,PHO@WAS,PHO,WAS,,,,,
74,31306-9956,SG,Wayne,Wayne Ellington,Ellington,16.573683889288652,19,4300,MIL@MIA,MIA,MIL,,,,,
75,31306-49675,PG,Derrick,Derrick White,White,15.554166158040367,24,4200,SA@HOU,SA,HOU,,,,,
76,31306-18600,PG,Tyler,Tyler Johnson,Johnson,20.94782555621603,23,4200,MIL@MIA,MIA,MIL,,,,,
77,31306-9448,SG,Jamal,Jamal Crawford,Crawford,13.428571428571427,28,4200,PHO@WAS,PHO,WAS,,,,,
78,31306-9636,SF,Wilson,Wilson Chandler,Chandler,16.433333623976935,21,4200,TOR@PHI,PHI,TOR,,,,,
79,31306-17894,C,Mike,Mike Muscala,Muscala,18.296154315655052,26,4200,TOR@PHI,PHI,TOR,,,,,
80,31306-15993,SG,Pat,Pat Connaughton,Connaughton,17.113043743631113,23,4100,MIL@MIA,MIL,MIA,,,,,
81,31306-84686,PG,Elie,Elie Okobo,Okobo,14.588889227973091,18,4100,PHO@WAS,PHO,WAS,,,,,
82,31306-84703,PG,De'Anthony,De'Anthony Melton,Melton,16.49333292643229,15,4100,PHO@WAS,PHO,WAS,,,,,
83,31306-17491,SF,James,James Ennis III,Ennis III,15.678261134935465,23,4000,SA@HOU,HOU,SA,O,Hamstring,,,
84,31306-17517,SG,Tony,Tony Snell,Snell,11.793548583984375,31,4000,MIL@MIA,MIL,MIA,,,,,
85,31306-84690,PG,Jalen,Jalen Brunson,Brunson,11.218518292462383,27,4000,DAL@GS,DAL,GS,,,,,
86,31306-41082,C,Damian,Damian Jones,Jones,14.875,24,3900,DAL@GS,GS,DAL,O,Pectoral,,,
87,31306-58576,C,Kevon,Kevon Looney,Looney,17.840625762939453,32,3900,DAL@GS,GS,DAL,,,,,
88,31306-9962,PF,Jonas,Jonas Jerebko,Jerebko,17.712499618530273,32,3900,DAL@GS,GS,DAL,,,,,
89,31306-16196,PF,Dwight,Dwight Powell,Powell,17.45185230396412,27,3900,DAL@GS,DAL,GS,,,,,
90,31306-40830,SG,Delon,Delon Wright,Wright,14.337930613550649,29,3900,TOR@PHI,TOR,PHI,,,,,
91,31306-58295,PF,D.J.,D.J. Wilson,Wilson,15.260000610351565,5,3900,MIL@MIA,MIL,MIA,,,,,
92,31306-58378,C,Jakob,Jakob Poeltl,Poeltl,15.365517451845367,29,3800,SA@HOU,SA,HOU,,,,,
93,31306-14506,PG,Brandon,Brandon Knight,Knight,2.1799999237060548,5,3800,SA@HOU,HOU,SA,,,,,
94,31306-14543,SF,Davis,Davis Bertans,Bertans,14.558621110587284,29,3800,SA@HOU,SA,HOU,,,,,
95,31306-23788,PG,Bryn,Bryn Forbes,Forbes,19.060606060606066,33,3800,SA@HOU,SA,HOU,,,,,
96,31306-9966,PF,James,James Johnson,Johnson,16.45999959309896,15,3800,MIL@MIA,MIA,MIL,,,,,
97,31306-40262,SG,Sterling,Sterling Brown,Brown,10.527273004705256,22,3800,MIL@MIA,MIL,MIA,,,,,
98,31306-18393,PG,T.J.,T.J. McConnell,McConnell,15.296296296296294,27,3800,TOR@PHI,PHI,TOR,,,,,
99,31306-9703,PG,George,George Hill,Hill,16.836841784025495,19,3800,MIL@MIA,MIL,MIA,,,,,
100,31306-9715,SG,Marco,Marco Belinelli,Belinelli,16.871875762939453,32,3800,SA@HOU,SA,HOU,,,,,
101,31306-9870,SG,Kyle,Kyle Korver,Korver,11.814814814814815,27,3700,OKC@UTA,UTA,OKC,,,,,
102,31306-9939,PG,Patty,Patty Mills,Mills,17.881817441998106,33,3700,SA@HOU,SA,HOU,,,,,
103,31306-23825,C,Nerlens,Nerlens Noel,Noel,18.596551303205818,29,3700,OKC@UTA,OKC,UTA,,,,,
104,31306-16201,PG,Michael,Michael Carter-Williams,Carter-Williams,9.443750381469727,16,3700,SA@HOU,HOU,SA,,,,,
105,31306-9613,PG,Devin,Devin Harris,Harris,13.864999389648435,20,3700,DAL@GS,DAL,GS,,,,,
106,31306-9643,PG,Shaun,Shaun Livingston,Livingston,13.01818154074929,22,3700,DAL@GS,GS,DAL,,,,,
107,31306-9664,SG,Andre,Andre Iguodala,Iguodala,16.43703658492477,27,3700,DAL@GS,GS,DAL,,,,,
108,31306-16376,SF,Dorian,Dorian Finney-Smith,Finney-Smith,18.60666707356771,30,3700,DAL@GS,DAL,GS,,,,,
109,31306-68090,SF,OG,OG Anunoby,Anunoby,14.553571428571427,28,3700,TOR@PHI,TOR,PHI,,,,,
110,31306-68203,PF,Chris,Chris Boucher,Boucher,9.333333333333334,6,3600,TOR@PHI,TOR,PHI,,,,,
111,31306-70826,SG,Furkan,Furkan Korkmaz,Korkmaz,11.904000244140626,25,3600,TOR@PHI,PHI,TOR,,,,,
112,31306-81621,PF,Maxi,Maxi Kleber,Kleber,16.084615854116585,26,3600,DAL@GS,DAL,GS,,,,,
113,31306-84702,SG,Lonnie,Lonnie Walker IV,Walker IV,0.0,0,3600,SA@HOU,SA,HOU,,,,,
114,31306-84724,PG,Landry,Landry Shamet,Shamet,12.669697154651988,33,3600,TOR@PHI,PHI,TOR,,,,,
115,31306-40208,PG,Raul,Raul Neto,Neto,9.591666539510092,12,3600,OKC@UTA,UTA,OKC,,,,,
116,31306-9500,PF,Dirk,Dirk Nowitzki,Nowitzki,3.9249999523162837,4,3600,DAL@GS,DAL,GS,,,,,
117,31306-40769,C,Jordan,Jordan Bell,Bell,11.438709874306955,31,3600,DAL@GS,GS,DAL,,,,,
118,31306-9598,PF,Ersan,Ersan Ilyasova,Ilyasova,17.258333841959633,24,3600,MIL@MIA,MIL,MIA,O,Nose,,,
119,31306-18435,SF,Alfonzo,Alfonzo McKinnie,McKinnie,12.400000530740488,23,3500,DAL@GS,GS,DAL,,,,,
120,31306-64017,C,Salah,Salah Mejri,Mejri,6.059999847412111,10,3500,DAL@GS,DAL,GS,,,,,
121,31306-85523,PG,Jordan,Jordan Loyd,Loyd,6.166666666666668,3,3500,TOR@PHI,TOR,PHI,,,,,
122,31306-9772,PF,Ryan,Ryan Anderson,Anderson,9.033333333333333,15,3500,PHO@WAS,PHO,WAS,,,,,
123,31306-12339,C,Ekpe,Ekpe Udoh,Udoh,5.428571428571429,21,3500,OKC@UTA,UTA,OKC,,,,,
124,31306-12340,PF,Patrick,Patrick Patterson,Patterson,9.459999593098958,30,3500,OKC@UTA,OKC,UTA,,,,,
125,31306-12357,SG,Quincy,Quincy Pondexter,Pondexter,5.2296295166015625,27,3500,SA@HOU,SA,HOU,,,,,
126,31306-12362,C,DeMarcus,DeMarcus Cousins,Cousins,53.33541870117188,48,3500,DAL@GS,GS,DAL,O,Achilles,,,
127,31306-23121,PF,Tyler,Tyler Cavanaugh,Cavanaugh,10.279487022986777,39,3500,OKC@UTA,UTA,OKC,,,,,
128,31306-85587,C,Tyler,Tyler Davis,Davis,1.2000000476837158,1,3500,OKC@UTA,OKC,UTA,GTD,Ankle,,,
129,31306-85586,PF,Marcus,Marcus Derrickson,Derrickson,1.350000023841858,4,3500,DAL@GS,GS,DAL,,,,,
130,31306-58457,SF,Devin,Devin Robinson,Robinson,13.850000381469727,2,3500,PHO@WAS,WAS,PHO,,,,,
131,31306-15964,PG,Lorenzo,Lorenzo Brown,Brown,7.176190330868676,21,3500,TOR@PHI,TOR,PHI,,,,,
132,31306-23155,SG,Naz,Naz Mitrou-Long,Mitrou-Long,0.0,1,3500,OKC@UTA,UTA,OKC,,,,,
133,31306-85106,SG,Deonte,Deonte Burton,Burton,6.179999796549478,15,3500,OKC@UTA,OKC,UTA,,,,,
134,31306-23156,PF,Georges,Georges Niang,Niang,6.26818154074929,22,3500,OKC@UTA,UTA,OKC,,,,,
135,31306-9849,SF,Gerald,Gerald Green,Green,11.762963189019096,27,3500,SA@HOU,HOU,SA,,,,,
136,31306-67707,PF,Marquese,Marquese Chriss,Chriss,4.070000076293947,10,3500,SA@HOU,HOU,SA,,,,,
137,31306-67708,PG,Dejounte,Dejounte Murray,Murray,22.23827220775463,81,3500,SA@HOU,SA,HOU,O,Knee,,,
138,31306-66174,PG,Jawun,Jawun Evans,Evans,7.5,4,3500,PHO@WAS,PHO,WAS,,,,,
139,31306-9862,PF,Amir,Amir Johnson,Johnson,9.196666463216145,30,3500,TOR@PHI,PHI,TOR,,,,,
140,31306-85137,SG,Duncan,Duncan Robinson,Robinson,3.75,4,3500,MIL@MIA,MIA,MIL,,,,,
141,31306-66203,SG,Malachi,Malachi Richardson,Richardson,1.847058801090016,17,3500,TOR@PHI,TOR,PHI,,,,,
142,31306-70819,PF,Dragan,Dragan Bender,Bender,3.863636363636364,11,3500,PHO@WAS,PHO,WAS,,,,,
143,31306-70820,C,Thon,Thon Maker,Maker,11.595652704653533,23,3500,MIL@MIA,MIL,MIA,,,,,
144,31306-70825,SG,Timothe,Timothe Luwawu-Cabarrot,Luwawu-Cabarrot,4.200000089757583,17,3500,OKC@UTA,OKC,UTA,,,,,
145,31306-15548,SG,Andre,Andre Roberson,Roberson,17.820512820512818,39,3500,OKC@UTA,OKC,UTA,O,Kneecap,,,
146,31306-84668,SF,Troy,Troy Brown Jr.,Brown Jr.,6.335714067731585,14,3500,PHO@WAS,WAS,PHO,,,,,
147,31306-16063,PF,Eric,Eric Moreland,Moreland,11.904477247551306,67,3500,PHO@WAS,PHO,WAS,,,,,
148,31306-84672,SG,Zhaire,Zhaire Smith,Smith,0.0,0,3500,TOR@PHI,PHI,TOR,O,Foot,,,
149,31306-22727,SG,Ron,Ron Baker,Baker,4.900000138716265,11,3500,PHO@WAS,WAS,PHO,,,,,
150,31306-84681,SG,Donte,Donte DiVincenzo,DiVincenzo,11.914285568963914,21,3500,MIL@MIA,MIL,MIA,,,,,
151,31306-58574,PF,Jonah,Jonah Bolden,Bolden,4.933333502875434,9,3500,TOR@PHI,PHI,TOR,,,,,
152,31306-84687,SF,George,George King,King,1.2000000476837158,1,3500,PHO@WAS,PHO,WAS,,,,,
153,31306-84691,SG,Shake,Shake Milton,Milton,6.028571537562778,7,3500,TOR@PHI,PHI,TOR,,,,,
154,31306-9940,SF,Dante,Dante Cunningham,Cunningham,13.931249618530273,32,3500,SA@HOU,SA,HOU,,,,,
155,31306-84697,SG,Jacob,Jacob Evans,Evans,1.8894737645199424,19,3500,DAL@GS,GS,DAL,,,,,
156,31306-42202,PF,Christian,Christian Wood,Wood,7.53333346048991,6,3500,MIL@MIA,MIL,MIA,,,,,
157,31306-84699,SG,Hamidou,Hamidou Diallo,Diallo,11.150000254313149,24,3500,OKC@UTA,OKC,UTA,,,,,
158,31306-84701,PF,Chimezie,Chimezie Metu,Metu,5.705555386013455,18,3500,SA@HOU,SA,HOU,,,,,
159,31306-15582,PG,Quinn,Quinn Cook,Cook,14.165516820447197,29,3500,DAL@GS,GS,DAL,,,,,
160,31306-9953,C,Ian,Ian Mahinmi,Mahinmi,10.050000190734863,16,3500,PHO@WAS,WAS,PHO,,,,,
161,31306-84711,SG,Grayson,Grayson Allen,Allen,4.617647058823528,17,3500,OKC@UTA,UTA,OKC,,,,,
162,31306-84712,SF,Vincent,Vincent Edwards,Edwards,4.199999809265137,1,3500,SA@HOU,HOU,SA,,,,,
163,31306-9968,SG,Jodie,Jodie Meeks,Meeks,10.457143015675731,77,3500,MIL@MIA,MIL,MIA,,,,,
164,31306-84725,PF,Kostas,Kostas Antetokounmpo,Antetokounmpo,0.0,0,3500,DAL@GS,DAL,GS,,,,,
165,31306-84726,PF,Ray,Ray Spalding,Spalding,0.0,1,3500,DAL@GS,DAL,GS,,,,,
166,31306-9465,PG,Raymond,Raymond Felton,Felton,10.884615384615383,13,3500,OKC@UTA,OKC,UTA,,,,,
167,31306-23294,SF,Danuel,Danuel House,House,13.00769277719351,13,3500,SA@HOU,HOU,SA,,,,,
168,31306-19726,SF,Abdel,Abdel Nader,Nader,2.578571319580078,14,3500,OKC@UTA,OKC,UTA,,,,,
169,31306-40206,SG,Alex,Alex Abrines,Abrines,10.444444444444443,27,3500,OKC@UTA,OKC,UTA,,,,,
170,31306-55055,PG,Dante,Dante Exum,Exum,12.21875,32,3500,OKC@UTA,UTA,OKC,,,,,
171,31306-9508,SF,Carmelo,Carmelo Anthony,Anthony,23.13000030517578,10,3500,SA@HOU,HOU,SA,,,,,
172,31306-9512,C,,Nene,Nene,11.944444444444445,9,3500,SA@HOU,HOU,SA,,,,,
173,31306-41269,PG,Demetrius,Demetrius Jackson,Jackson,4.349999904632568,2,3500,TOR@PHI,PHI,TOR,,,,,
174,31306-85309,PG,Daryl,Daryl Macon,Macon,0.0,1,3500,DAL@GS,DAL,GS,,,,,
175,31306-85308,PG,Trevon,Trevon Duval,Duval,0.0,0,3500,MIL@MIA,MIL,MIA,,,,,
176,31306-16197,SG,Chasson,Chasson Randle,Randle,12.350000381469727,2,3500,PHO@WAS,WAS,PHO,,,,,
177,31306-20805,SG,Troy,Troy Daniels,Daniels,10.342857360839844,14,3500,PHO@WAS,PHO,WAS,,,,,
178,31306-40264,SF,Ben,Ben Moore,Moore,1.350000023841858,2,3500,SA@HOU,SA,HOU,,,,,
179,31306-82761,SG,Jaylen,Jaylen Morris,Morris,6.75,4,3500,MIL@MIA,MIL,MIA,,,,,
180,31306-84833,PF,Ryan,Ryan Broekhoff,Broekhoff,3.073333231608073,15,3500,DAL@GS,DAL,GS,GTD,Illness,,,
181,31306-16230,SG,Jordan,Jordan McRae,McRae,3.1666666666666665,6,3500,PHO@WAS,WAS,PHO,,,,,
182,31306-9589,PF,Udonis,Udonis Haslem,Haslem,2.6666666666666665,3,3500,MIL@MIA,MIA,MIL,,,,,
183,31306-66424,C,Justin,Justin Patton,Patton,5.0,1,3500,TOR@PHI,PHI,TOR,O,Foot,,,
184,31306-18338,SF,Royce,Royce O'Neale,O'Neale,10.900000369910037,33,3500,OKC@UTA,UTA,OKC,,,,,
185,31306-80805,SG,Markelle,Markelle Fultz,Fultz,19.394736842105264,19,3500,TOR@PHI,PHI,TOR,O,Shoulder,,,
186,31306-16293,SF,Norman,Norman Powell,Powell,9.938461303710938,13,3500,TOR@PHI,TOR,PHI,,,,,
187,31306-9647,SF,Thabo,Thabo Sefolosha,Sefolosha,7.810525994551809,19,3500,OKC@UTA,UTA,OKC,,,,,
188,31306-80820,SG,Terrance,Terrance Ferguson,Ferguson,9.270833333333334,24,3500,OKC@UTA,OKC,UTA,,,,,
189,31306-80823,C,Tony,Tony Bradley,Bradley,2.5222223069932728,9,3500,OKC@UTA,UTA,OKC,,,,,
190,31306-80825,PF,Isaiah,Isaiah Hartenstein,Hartenstein,6.0227272727272725,22,3500,SA@HOU,HOU,SA,,,,,
191,31306-9669,PF,Jason,Jason Smith,Smith,9.323076688326324,13,3500,MIL@MIA,MIL,MIA,,,,,
192,31306-18376,SG,Damion,Damion Lee,Lee,8.553333536783855,15,3500,DAL@GS,GS,DAL,,,,,
193,31306-101331,SF,Gary,Gary Clark,Clark,10.891304347826088,23,3500,SA@HOU,HOU,SA,,,,,
194,31306-85467,PF,Yante,Yante Maten,Maten,0.0,0,3500,MIL@MIA,MIA,MIL,,,,,
195,31306-97263,PF,Drew,Drew Eubanks,Eubanks,4.871428353445871,7,3500,SA@HOU,SA,HOU,,,,,
196,31306-9725,SF,CJ,CJ Miles,Miles,9.142857142857142,28,3500,TOR@PHI,TOR,PHI,,,,,
